"product_id","category","name_en","name_ar","description_en_draft","description_ar_draft","description_fr_draft","review_flags","source","review_status"
"baking-powder","Condiments","Baking Powder","بيكنغ باودر","A measured pantry staple for cakes, biscuits and other recipes that call for baking powder. Available catalogue size: 100 g.","بيكنغ باودر — مكوّن يستخدم في الطهو أو الخَبز بحسب وصفة التحضير. الأحجام المتاحة: 100 غ.","Levure chimique — Un ingrédient à utiliser dans les recettes qui lui correspondent. Formats proposés : 100 g.","AR_FR_NATIVE_REVIEW","GitHub base catalogue names/pack sizes, no label verification","DRAFT_NOT_PUBLISHED"
"brown-sugar","Condiments","Brown Sugar","سكر بين","Brown sugar for cookies, crumbles, dessert sauces and everyday sweetening. Available catalogue size: 1 kg.","سكر بني — مكوّن يستخدم في الطهو أو الخَبز بحسب وصفة التحضير. الأحجام المتاحة: 1 كغ.","Sucre roux — Un ingrédient à utiliser dans les recettes qui lui correspondent. Formats proposés : 1 kg.","AR_FR_NATIVE_REVIEW","GitHub base catalogue names/pack sizes, no label verification","DRAFT_NOT_PUBLISHED"
"carbonate","Condiments","Carbonate","كربونات","Carbonate sold as a pantry ingredient; confirm its precise food-grade type and intended use on the label. Available catalogue size: 200 g.","كربونات — مكوّن يستخدم في الطهو أو الخَبز بحسب وصفة التحضير. الأحجام المتاحة: 200 غ.","Carbonate — Un ingrédient à utiliser dans les recettes qui lui correspondent. Formats proposés : 200 g.","VERIFY_PRODUCT_IDENTITY_OR_LABEL;AR_FR_NATIVE_REVIEW","GitHub base catalogue names/pack sizes, no label verification","DRAFT_NOT_PUBLISHED"
"chinese-salt","Condiments","Chinese Salt","صيين ملح","A seasoning sold as Chinese Salt; its exact composition needs confirmation before describing its flavour or uses. Available catalogue size: 100 g.","ملح صيني — مكوّن يستخدم في الطهو أو الخَبز بحسب وصفة التحضير. الأحجام المتاحة: 100 غ.","Sel chinois — Un ingrédient à utiliser dans les recettes qui lui correspondent. Formats proposés : 100 g.","VERIFY_PRODUCT_IDENTITY_OR_LABEL;AR_FR_NATIVE_REVIEW","GitHub base catalogue names/pack sizes, no label verification","DRAFT_NOT_PUBLISHED"
"hamod-el-laymoun","Condiments","Citric Acid (Lemon Salt)","حامض ال ليمون","Citric acid, also called lemon salt, used in small quantities to bring acidity to preserves and cooking. Available catalogue size: 100 g.","حمض الليمون (ملح الليمون) — مكوّن يستخدم في الطهو أو الخَبز بحسب وصفة التحضير. الأحجام المتاحة: 100 غ.","Acide citrique (sel de citron) — Un ingrédient à utiliser dans les recettes qui lui correspondent. Formats proposés : 100 g.","AR_FR_NATIVE_REVIEW","GitHub base catalogue names/pack sizes, no label verification","DRAFT_NOT_PUBLISHED"
"himalaya-salt","Condiments","Himalayan Salt","ملح الهيمااليا","Himalayan salt for table seasoning and everyday cooking. Available catalogue size: 500 g.","ملح الهيمااليا — مكوّن يستخدم في الطهو أو الخَبز بحسب وصفة التحضير. الأحجام المتاحة: 500 غ.","Sel de l'Himalaya — Un ingrédient à utiliser dans les recettes qui lui correspondent. Formats proposés : 500 g.","AR_FR_NATIVE_REVIEW","GitHub base catalogue names/pack sizes, no label verification","DRAFT_NOT_PUBLISHED"
"icing-sugar","Condiments","Icing Sugar","سكر بودرة","Finely powdered sugar for icing, dusting cakes and preparing smooth dessert glazes. Available catalogue size: 1 kg.","سكر بودرة — مكوّن يستخدم في الطهو أو الخَبز بحسب وصفة التحضير. الأحجام المتاحة: 1 كغ.","Sucre glace — Un ingrédient à utiliser dans les recettes qui lui correspondent. Formats proposés : 1 kg.","AR_FR_NATIVE_REVIEW","GitHub base catalogue names/pack sizes, no label verification","DRAFT_NOT_PUBLISHED"
"iodized-salt","Condiments","Iodized Salt","ملح معالج باليود","Iodized salt for seasoning meals, soups and everyday home cooking. Available catalogue size: 1 kg.","ملح معالج باليود — مكوّن يستخدم في الطهو أو الخَبز بحسب وصفة التحضير. الأحجام المتاحة: 1 كغ.","Sel iodé — Un ingrédient à utiliser dans les recettes qui lui correspondent. Formats proposés : 1 kg.","AR_FR_NATIVE_REVIEW","GitHub base catalogue names/pack sizes, no label verification","DRAFT_NOT_PUBLISHED"
"pakmaya-yeast","Condiments","Pakmaya Yeast","باكمايا خمرية","Pakmaya yeast offered for dough-making; follow the packet's instructions for activation and quantities. Available catalogue size: 450 g.","خميرة باكمايا — مكوّن يستخدم في الطهو أو الخَبز بحسب وصفة التحضير. الأحجام المتاحة: 450 غ.","Levure Pakmaya — Un ingrédient à utiliser dans les recettes qui lui correspondent. Formats proposés : 450 g.","AR_FR_NATIVE_REVIEW","GitHub base catalogue names/pack sizes, no label verification","DRAFT_NOT_PUBLISHED"
"sea-salt","Condiments","Sea Salt","بحري ملح","Sea salt for seasoning vegetables, meat, fish and home-cooked dishes. Available catalogue size: 1 kg.","ملح بحري — مكوّن يستخدم في الطهو أو الخَبز بحسب وصفة التحضير. الأحجام المتاحة: 1 كغ.","Sel marin — Un ingrédient à utiliser dans les recettes qui lui correspondent. Formats proposés : 1 kg.","AR_FR_NATIVE_REVIEW","GitHub base catalogue names/pack sizes, no label verification","DRAFT_NOT_PUBLISHED"
"secar-nabat","Condiments","Rock Sugar","سكر نبات","Rock sugar crystals for sweetening tea or traditional warm drinks. Available catalogue sizes: 200 g / 400 g.","سكر نبات — مكوّن يستخدم في الطهو أو الخَبز بحسب وصفة التحضير. الأحجام المتاحة: 200 غ / 400 غ.","Sucre candi — Un ingrédient à utiliser dans les recettes qui lui correspondent. Formats proposés : 200 g / 400 g.","AR_FR_NATIVE_REVIEW","GitHub base catalogue names/pack sizes, no label verification","DRAFT_NOT_PUBLISHED"
"sekar-nabet","Condiments","Rock Sugar","سكر نبات","Rock sugar crystals for sweetening tea or traditional warm drinks; this is a legacy duplicate listing. Available catalogue size: 200 g.","سكر نبات — مكوّن يستخدم في الطهو أو الخَبز بحسب وصفة التحضير. الأحجام المتاحة: 200 غ.","Sucre candi — Un ingrédient à utiliser dans les recettes qui lui correspondent. Formats proposés : 200 g.","ALIAS_DUPLICATE;AR_FR_NATIVE_REVIEW","GitHub base catalogue names/pack sizes, no label verification","DRAFT_NOT_PUBLISHED"
"white-sugar","Condiments","White Sugar","سكر أبيض","White sugar for drinks, pastries, jams and everyday recipes. Available catalogue sizes: 1 kg / 2 kg.","سكر أبيض — مكوّن يستخدم في الطهو أو الخَبز بحسب وصفة التحضير. الأحجام المتاحة: 1 كغ / 2 كغ.","Sucre blanc — Un ingrédient à utiliser dans les recettes qui lui correspondent. Formats proposés : 1 kg / 2 kg.","AR_FR_NATIVE_REVIEW","GitHub base catalogue names/pack sizes, no label verification","DRAFT_NOT_PUBLISHED"
"date-paste","Dates","Date Paste","معجون تمر","Soft date paste for filling maamoul, making date bars and preparing homemade sweets. Available catalogue size: 900 g.","معجون تمر — مناسب لتحضير الحلويات وحشوات التمر. الأحجام المتاحة: 900 غ.","Pâte de dattes — Pour préparer des douceurs et des garnitures aux dattes. Formats proposés : 900 g.","AR_FR_NATIVE_REVIEW","GitHub base catalogue names/pack sizes, no label verification","DRAFT_NOT_PUBLISHED"
"bisco-choco","Debsy Carob","Bisco Choco","بيسكو شوكوالتة","Bisco Choco from the Debsy Carob assortment, offered as a sweet snack; check the packet for its full ingredients. Available catalogue size: 300 g.","بيسكو شوكوالتة — من تشكيلة ديبسي المتنوعة من الحلويات والوجبات الخفيفة ومنتجات الخروب. تُراجع العبوة للتحقق من المكوّنات. الأحجام المتاحة: 300 غ.","Bisco Choco — Une référence de la gamme Debsy, qui réunit gourmandises, collations et produits à la caroube. Vérifiez la composition sur l'emballage. Formats proposés : 300 g.","VERIFY_PRODUCT_IDENTITY_OR_LABEL;VERIFY_ALLERGENS_AND_INGREDIENTS;AR_FR_NATIVE_REVIEW","GitHub base catalogue names/pack sizes, no label verification","DRAFT_NOT_PUBLISHED"
"caramel-craze","Debsy Carob","Caramel Craze","كراميل كريز","Caramel Craze snack from the Debsy range; check the packaging for its filling, sweeteners and allergens. Check the package for the available format.","كراميل كريز — من تشكيلة ديبسي المتنوعة من الحلويات والوجبات الخفيفة ومنتجات الخروب. تُراجع العبوة للتحقق من المكوّنات. يُرجى التحقق من حجم العبوة.","Caramel Craze — Une référence de la gamme Debsy, qui réunit gourmandises, collations et produits à la caroube. Vérifiez la composition sur l'emballage. Vérifiez le format sur l'emballage.","VERIFY_PRODUCT_IDENTITY_OR_LABEL;VERIFY_ALLERGENS_AND_INGREDIENTS;AR_FR_NATIVE_REVIEW","GitHub base catalogue names/pack sizes, no label verification","DRAFT_NOT_PUBLISHED"
"carob-biscuit","Debsy Carob","Carob Biscuit","خروب بسكويت","Carob biscuits for serving alongside tea or packing as a simple snack. Available catalogue size: 260 g.","خروب بسكويت — من تشكيلة ديبسي المتنوعة من الحلويات والوجبات الخفيفة ومنتجات الخروب. تُراجع العبوة للتحقق من المكوّنات. الأحجام المتاحة: 260 غ.","Biscuits à la caroube — Une référence de la gamme Debsy, qui réunit gourmandises, collations et produits à la caroube. Vérifiez la composition sur l'emballage. Formats proposés : 260 g.","VERIFY_NO_ADDED_SUGAR_CLAIM;VERIFY_ALLERGENS_AND_INGREDIENTS;AR_FR_NATIVE_REVIEW","GitHub base catalogue names/pack sizes, no label verification","DRAFT_NOT_PUBLISHED"
"carob-cookies","Debsy Carob","Carob Cookies","خروب كوكزي","Carob cookies for a sweet bite with coffee or tea. Available catalogue size: 260 g.","خروب كوكزي — من تشكيلة ديبسي المتنوعة من الحلويات والوجبات الخفيفة ومنتجات الخروب. تُراجع العبوة للتحقق من المكوّنات. الأحجام المتاحة: 260 غ.","Cookies à la caroube — Une référence de la gamme Debsy, qui réunit gourmandises, collations et produits à la caroube. Vérifiez la composition sur l'emballage. Formats proposés : 260 g.","VERIFY_NO_ADDED_SUGAR_CLAIM;VERIFY_ALLERGENS_AND_INGREDIENTS;AR_FR_NATIVE_REVIEW","GitHub base catalogue names/pack sizes, no label verification","DRAFT_NOT_PUBLISHED"
"carob-date-bites","Debsy Carob","Carob Date Bites","خروب تمر لقيمات","Carob-and-date bites suited to a small snack or dessert plate. Available catalogue size: 250 g.","لقيمات الخروب والتمر — من تشكيلة ديبسي المتنوعة من الحلويات والوجبات الخفيفة ومنتجات الخروب. تُراجع العبوة للتحقق من المكوّنات. الأحجام المتاحة: 250 غ.","Bouchées à la caroube et aux dattes — Une référence de la gamme Debsy, qui réunit gourmandises, collations et produits à la caroube. Vérifiez la composition sur l'emballage. Formats proposés : 250 g.","VERIFY_NO_ADDED_SUGAR_CLAIM;VERIFY_ALLERGENS_AND_INGREDIENTS;AR_FR_NATIVE_REVIEW","GitHub base catalogue names/pack sizes, no label verification","DRAFT_NOT_PUBLISHED"
"carob-maacroun","Debsy Carob","Carob Maacroun","خروب معكرون","Maacroun-style sweets in the carob collection, for sharing with coffee or after a meal. Available catalogue size: 250 g.","خروب معكرون — من تشكيلة ديبسي المتنوعة من الحلويات والوجبات الخفيفة ومنتجات الخروب. تُراجع العبوة للتحقق من المكوّنات. الأحجام المتاحة: 250 غ.","Maacroun à la caroube — Une référence de la gamme Debsy, qui réunit gourmandises, collations et produits à la caroube. Vérifiez la composition sur l'emballage. Formats proposés : 250 g.","VERIFY_NO_ADDED_SUGAR_CLAIM;VERIFY_ALLERGENS_AND_INGREDIENTS;AR_FR_NATIVE_REVIEW","GitHub base catalogue names/pack sizes, no label verification","DRAFT_NOT_PUBLISHED"
"carob-molasses-glass-jar","Debsy Carob","Carob Molasses Glass Jar","دبس الخروب زجاج مرطبان","Carob molasses packed in a glass jar, for pairing with tahini, drizzling or using in baking. Available catalogue sizes: 1 kg / 500 g.","دبس الخروب زجاج مرطبان — من تشكيلة ديبسي المتنوعة من الحلويات والوجبات الخفيفة ومنتجات الخروب. تُراجع العبوة للتحقق من المكوّنات. الأحجام المتاحة: 1 كغ / 500 غ.","Mélasse de caroube, pot en verre — Une référence de la gamme Debsy, qui réunit gourmandises, collations et produits à la caroube. Vérifiez la composition sur l'emballage. Formats proposés : 1 kg / 500 g.","VERIFY_NO_ADDED_SUGAR_CLAIM;VERIFY_ALLERGENS_AND_INGREDIENTS;AR_FR_NATIVE_REVIEW","GitHub base catalogue names/pack sizes, no label verification","DRAFT_NOT_PUBLISHED"
"carob-molasses-plastic-jar","Debsy Carob","Carob Molasses Plastic Jar","دبس الخروب بالستيك مرطبان","Carob molasses in a plastic jar, a pantry option for tahini mixtures and dessert recipes. Available catalogue size: 1 kg.","دبس الخروب بالستيك مرطبان — من تشكيلة ديبسي المتنوعة من الحلويات والوجبات الخفيفة ومنتجات الخروب. تُراجع العبوة للتحقق من المكوّنات. الأحجام المتاحة: 1 كغ.","Mélasse de caroube, pot en plastique — Une référence de la gamme Debsy, qui réunit gourmandises, collations et produits à la caroube. Vérifiez la composition sur l'emballage. Formats proposés : 1 kg.","VERIFY_NO_ADDED_SUGAR_CLAIM;VERIFY_ALLERGENS_AND_INGREDIENTS;AR_FR_NATIVE_REVIEW","GitHub base catalogue names/pack sizes, no label verification","DRAFT_NOT_PUBLISHED"
"carobella","Debsy Carob","Carobella","كاروبيال","Carobella is a branded Debsy Carob sweet; flavour and ingredients should be checked against the product label. Available catalogue size: 260 g.","كاروبيال — من تشكيلة ديبسي المتنوعة من الحلويات والوجبات الخفيفة ومنتجات الخروب. تُراجع العبوة للتحقق من المكوّنات. الأحجام المتاحة: 260 غ.","Carobella — Une référence de la gamme Debsy, qui réunit gourmandises, collations et produits à la caroube. Vérifiez la composition sur l'emballage. Formats proposés : 260 g.","VERIFY_PRODUCT_IDENTITY_OR_LABEL;VERIFY_NO_ADDED_SUGAR_CLAIM;VERIFY_ALLERGENS_AND_INGREDIENTS;AR_FR_NATIVE_REVIEW","GitHub base catalogue names/pack sizes, no label verification","DRAFT_NOT_PUBLISHED"
"cherry-craze","Debsy Carob","Cherry Craze","كرز كريز","Cherry Craze from the Debsy snack line; the exact filling and ingredient list require label verification. Check the package for the available format.","كرز كريز — من تشكيلة ديبسي المتنوعة من الحلويات والوجبات الخفيفة ومنتجات الخروب. تُراجع العبوة للتحقق من المكوّنات. يُرجى التحقق من حجم العبوة.","Cherry Craze — Une référence de la gamme Debsy, qui réunit gourmandises, collations et produits à la caroube. Vérifiez la composition sur l'emballage. Vérifiez le format sur l'emballage.","VERIFY_PRODUCT_IDENTITY_OR_LABEL;VERIFY_ALLERGENS_AND_INGREDIENTS;AR_FR_NATIVE_REVIEW","GitHub base catalogue names/pack sizes, no label verification","DRAFT_NOT_PUBLISHED"
"choco-cookies","Debsy Carob","Choco Cookies","شوكوالتة كوكزي","Chocolate-style cookies from the Debsy range, to pair with tea or coffee. Available catalogue size: 260 g.","شوكوالتة كوكزي — من تشكيلة ديبسي المتنوعة من الحلويات والوجبات الخفيفة ومنتجات الخروب. تُراجع العبوة للتحقق من المكوّنات. الأحجام المتاحة: 260 غ.","Choco Cookies — Une référence de la gamme Debsy, qui réunit gourmandises, collations et produits à la caroube. Vérifiez la composition sur l'emballage. Formats proposés : 260 g.","VERIFY_ALLERGENS_AND_INGREDIENTS;AR_FR_NATIVE_REVIEW","GitHub base catalogue names/pack sizes, no label verification","DRAFT_NOT_PUBLISHED"
"choco-peanut-cookies","Debsy Carob","Choco Peanut Cookies","شوكوالتة فول سوداني كوكزي","Chocolate-and-peanut cookies for a sweet and nutty snack. Available catalogue size: 370 g.","شوكوالتة فول سوداني كوكزي — من تشكيلة ديبسي المتنوعة من الحلويات والوجبات الخفيفة ومنتجات الخروب. تُراجع العبوة للتحقق من المكوّنات. الأحجام المتاحة: 370 غ.","Choco Peanut Cookies — Une référence de la gamme Debsy, qui réunit gourmandises, collations et produits à la caroube. Vérifiez la composition sur l'emballage. Formats proposés : 370 g.","VERIFY_ALLERGENS_AND_INGREDIENTS;AR_FR_NATIVE_REVIEW","GitHub base catalogue names/pack sizes, no label verification","DRAFT_NOT_PUBLISHED"
"chocopeas","Debsy Carob","Chocopeas","شوكوبزي","Chocopeas from the Debsy collection; confirm the product's contents and allergen information on the packet. Available catalogue size: 300 g.","شوكوبزي — من تشكيلة ديبسي المتنوعة من الحلويات والوجبات الخفيفة ومنتجات الخروب. تُراجع العبوة للتحقق من المكوّنات. الأحجام المتاحة: 300 غ.","Chocopeas — Une référence de la gamme Debsy, qui réunit gourmandises, collations et produits à la caroube. Vérifiez la composition sur l'emballage. Formats proposés : 300 g.","VERIFY_PRODUCT_IDENTITY_OR_LABEL;VERIFY_ALLERGENS_AND_INGREDIENTS;AR_FR_NATIVE_REVIEW","GitHub base catalogue names/pack sizes, no label verification","DRAFT_NOT_PUBLISHED"
"coconut-cookies","Debsy Carob","Coconut Cookies","جوز هند كوكزي","Coconut cookies with a coconut-forward flavour, suited to coffee breaks and dessert plates. Available catalogue size: 260 g.","جوز هند كوكزي — من تشكيلة ديبسي المتنوعة من الحلويات والوجبات الخفيفة ومنتجات الخروب. تُراجع العبوة للتحقق من المكوّنات. الأحجام المتاحة: 260 غ.","Coconut Cookies — Une référence de la gamme Debsy, qui réunit gourmandises, collations et produits à la caroube. Vérifiez la composition sur l'emballage. Formats proposés : 260 g.","VERIFY_ALLERGENS_AND_INGREDIENTS;AR_FR_NATIVE_REVIEW","GitHub base catalogue names/pack sizes, no label verification","DRAFT_NOT_PUBLISHED"
"cocount-carob-balls","Debsy Carob","Coconut Carob Balls","جوز هند خروب كرات","Coconut-and-carob balls in bite-size form, easy to offer with coffee or tea. Available catalogue size: 270 g.","جوز هند خروب كرات — من تشكيلة ديبسي المتنوعة من الحلويات والوجبات الخفيفة ومنتجات الخروب. تُراجع العبوة للتحقق من المكوّنات. الأحجام المتاحة: 270 غ.","Coconut Carob Balls — Une référence de la gamme Debsy, qui réunit gourmandises, collations et produits à la caroube. Vérifiez la composition sur l'emballage. Formats proposés : 270 g.","VERIFY_NO_ADDED_SUGAR_CLAIM;VERIFY_ALLERGENS_AND_INGREDIENTS;AR_FR_NATIVE_REVIEW","GitHub base catalogue names/pack sizes, no label verification","DRAFT_NOT_PUBLISHED"
"craze-control","Debsy Carob","Craze Control","كريز كنرتول","Craze Control from the Debsy snack collection; its product identity and recipe require packaging verification. Check the package for the available format.","كريز كنرتول — من تشكيلة ديبسي المتنوعة من الحلويات والوجبات الخفيفة ومنتجات الخروب. تُراجع العبوة للتحقق من المكوّنات. يُرجى التحقق من حجم العبوة.","Craze Control — Une référence de la gamme Debsy, qui réunit gourmandises, collations et produits à la caroube. Vérifiez la composition sur l'emballage. Vérifiez le format sur l'emballage.","VERIFY_PRODUCT_IDENTITY_OR_LABEL;VERIFY_ALLERGENS_AND_INGREDIENTS;AR_FR_NATIVE_REVIEW","GitHub base catalogue names/pack sizes, no label verification","DRAFT_NOT_PUBLISHED"
"crunchy-craze","Debsy Carob","Crunchy Craze","مقرمش كريز","Crunchy Craze snack from the Debsy range; texture and ingredients should be confirmed on the package. Check the package for the available format.","مقرمش كريز — من تشكيلة ديبسي المتنوعة من الحلويات والوجبات الخفيفة ومنتجات الخروب. تُراجع العبوة للتحقق من المكوّنات. يُرجى التحقق من حجم العبوة.","Crunchy Craze — Une référence de la gamme Debsy, qui réunit gourmandises, collations et produits à la caroube. Vérifiez la composition sur l'emballage. Vérifiez le format sur l'emballage.","VERIFY_PRODUCT_IDENTITY_OR_LABEL;VERIFY_ALLERGENS_AND_INGREDIENTS;AR_FR_NATIVE_REVIEW","GitHub base catalogue names/pack sizes, no label verification","DRAFT_NOT_PUBLISHED"
"crunchy-seeds","Debsy Carob","Crunchy Seeds","مقرمش بذور","A crunchy seed-based snack in the Debsy range; check which seeds and binders are listed. Available catalogue size: 210 g.","مقرمش بذور — من تشكيلة ديبسي المتنوعة من الحلويات والوجبات الخفيفة ومنتجات الخروب. تُراجع العبوة للتحقق من المكوّنات. الأحجام المتاحة: 210 غ.","Crunchy Seeds — Une référence de la gamme Debsy, qui réunit gourmandises, collations et produits à la caroube. Vérifiez la composition sur l'emballage. Formats proposés : 210 g.","VERIFY_ALLERGENS_AND_INGREDIENTS;AR_FR_NATIVE_REVIEW","GitHub base catalogue names/pack sizes, no label verification","DRAFT_NOT_PUBLISHED"
"debsy-pretzy","Debsy Carob","Debsy Pretzy","دبيس بريزتي","Debsy Pretzy snack; confirm whether it contains pretzels, coatings and allergens on its ingredient label. Check the package for the available format.","دبيس بريزتي — من تشكيلة ديبسي المتنوعة من الحلويات والوجبات الخفيفة ومنتجات الخروب. تُراجع العبوة للتحقق من المكوّنات. يُرجى التحقق من حجم العبوة.","Debsy Pretzy — Une référence de la gamme Debsy, qui réunit gourmandises, collations et produits à la caroube. Vérifiez la composition sur l'emballage. Vérifiez le format sur l'emballage.","VERIFY_PRODUCT_IDENTITY_OR_LABEL;VERIFY_NO_ADDED_SUGAR_CLAIM;VERIFY_ALLERGENS_AND_INGREDIENTS;AR_FR_NATIVE_REVIEW","GitHub base catalogue names/pack sizes, no label verification","DRAFT_NOT_PUBLISHED"
"ginger-biscuit","Debsy Carob","Ginger Biscuit","زنجبيل بسكويت","Ginger biscuits for enjoying with tea or coffee. Available catalogue size: 240 g.","زنجبيل بسكويت — من تشكيلة ديبسي المتنوعة من الحلويات والوجبات الخفيفة ومنتجات الخروب. تُراجع العبوة للتحقق من المكوّنات. الأحجام المتاحة: 240 غ.","Ginger Biscuit — Une référence de la gamme Debsy, qui réunit gourmandises, collations et produits à la caroube. Vérifiez la composition sur l'emballage. Formats proposés : 240 g.","VERIFY_ALLERGENS_AND_INGREDIENTS;AR_FR_NATIVE_REVIEW","GitHub base catalogue names/pack sizes, no label verification","DRAFT_NOT_PUBLISHED"
"hazelnut-craze","Debsy Carob","Hazelnut Craze","بندق كريز","Hazelnut Craze from the Debsy snack line; consult the packaging for the nut content and other allergens. Check the package for the available format.","بندق كريز — من تشكيلة ديبسي المتنوعة من الحلويات والوجبات الخفيفة ومنتجات الخروب. تُراجع العبوة للتحقق من المكوّنات. يُرجى التحقق من حجم العبوة.","Hazelnut Craze — Une référence de la gamme Debsy, qui réunit gourmandises, collations et produits à la caroube. Vérifiez la composition sur l'emballage. Vérifiez le format sur l'emballage.","VERIFY_PRODUCT_IDENTITY_OR_LABEL;VERIFY_ALLERGENS_AND_INGREDIENTS;AR_FR_NATIVE_REVIEW","GitHub base catalogue names/pack sizes, no label verification","DRAFT_NOT_PUBLISHED"
"mix-and-eat-chickpeas","Debsy Carob","Mix and Eat Chickpeas","خلطة و أكل حمص","A chickpea snack mix from Debsy; verify the seasoning and preparation directions on the package. Available catalogue size: 300 g.","خلطة و أكل حمص — من تشكيلة ديبسي المتنوعة من الحلويات والوجبات الخفيفة ومنتجات الخروب. تُراجع العبوة للتحقق من المكوّنات. الأحجام المتاحة: 300 غ.","Mix and Eat Chickpeas — Une référence de la gamme Debsy, qui réunit gourmandises, collations et produits à la caroube. Vérifiez la composition sur l'emballage. Formats proposés : 300 g.","VERIFY_ALLERGENS_AND_INGREDIENTS;AR_FR_NATIVE_REVIEW","GitHub base catalogue names/pack sizes, no label verification","DRAFT_NOT_PUBLISHED"
"nutty-bites","Debsy Carob","Nutty Bites","مكسرات لقيمات","Nutty Bites in a bite-size snack format; check the packet for the exact nut selection. Check the package for the available format.","مكسرات لقيمات — من تشكيلة ديبسي المتنوعة من الحلويات والوجبات الخفيفة ومنتجات الخروب. تُراجع العبوة للتحقق من المكوّنات. يُرجى التحقق من حجم العبوة.","Nutty Bites — Une référence de la gamme Debsy, qui réunit gourmandises, collations et produits à la caroube. Vérifiez la composition sur l'emballage. Vérifiez le format sur l'emballage.","VERIFY_PRODUCT_IDENTITY_OR_LABEL;VERIFY_ALLERGENS_AND_INGREDIENTS;AR_FR_NATIVE_REVIEW","GitHub base catalogue names/pack sizes, no label verification","DRAFT_NOT_PUBLISHED"
"oat-kaak-with-cheese","Debsy Carob","Oat Kaak with Cheese","شوفان كعك مع جبنة","Oat kaak with a cheese-style flavour, suited to a savoury snack. Available catalogue size: 220 g.","شوفان كعك مع جبنة — من تشكيلة ديبسي المتنوعة من الحلويات والوجبات الخفيفة ومنتجات الخروب. تُراجع العبوة للتحقق من المكوّنات. الأحجام المتاحة: 220 غ.","Kaak à l'avoine et au fromage — Une référence de la gamme Debsy, qui réunit gourmandises, collations et produits à la caroube. Vérifiez la composition sur l'emballage. Formats proposés : 220 g.","VERIFY_ALLERGENS_AND_INGREDIENTS;AR_FR_NATIVE_REVIEW","GitHub base catalogue names/pack sizes, no label verification","DRAFT_NOT_PUBLISHED"
"oat-kaak-with-sesame","Debsy Carob","Oat Kaak with Sesame","شوفان كعك مع سمسم","Oat kaak with sesame, suited to savoury snacking or serving with dips. Available catalogue size: 210 g.","شوفان كعك مع سمسم — من تشكيلة ديبسي المتنوعة من الحلويات والوجبات الخفيفة ومنتجات الخروب. تُراجع العبوة للتحقق من المكوّنات. الأحجام المتاحة: 210 غ.","Kaak à l'avoine et au sésame — Une référence de la gamme Debsy, qui réunit gourmandises, collations et produits à la caroube. Vérifiez la composition sur l'emballage. Formats proposés : 210 g.","VERIFY_ALLERGENS_AND_INGREDIENTS;AR_FR_NATIVE_REVIEW","GitHub base catalogue names/pack sizes, no label verification","DRAFT_NOT_PUBLISHED"
"oat-kaak-with-sunflower-seeds","Debsy Carob","Oat Kaak with Sunflower Seeds","شوفان كعك مع بذور دوار الشمس","Oat kaak with sunflower seeds for a crunchy savoury snack. Available catalogue size: 240 g.","شوفان كعك مع بذور دوار الشمس — من تشكيلة ديبسي المتنوعة من الحلويات والوجبات الخفيفة ومنتجات الخروب. تُراجع العبوة للتحقق من المكوّنات. الأحجام المتاحة: 240 غ.","Kaak à l'avoine et aux graines de tournesol — Une référence de la gamme Debsy, qui réunit gourmandises, collations et produits à la caroube. Vérifiez la composition sur l'emballage. Formats proposés : 240 g.","VERIFY_ALLERGENS_AND_INGREDIENTS;AR_FR_NATIVE_REVIEW","GitHub base catalogue names/pack sizes, no label verification","DRAFT_NOT_PUBLISHED"
"oat-kaak-with-thyme","Debsy Carob","Oat Kaak with Thyme","شوفان كعك مع زعرت","Oat kaak with thyme seasoning, a savoury option for tea time. Available catalogue size: 220 g.","شوفان كعك مع زعرت — من تشكيلة ديبسي المتنوعة من الحلويات والوجبات الخفيفة ومنتجات الخروب. تُراجع العبوة للتحقق من المكوّنات. الأحجام المتاحة: 220 غ.","Kaak à l'avoine et au thym — Une référence de la gamme Debsy, qui réunit gourmandises, collations et produits à la caroube. Vérifiez la composition sur l'emballage. Formats proposés : 220 g.","VERIFY_ALLERGENS_AND_INGREDIENTS;AR_FR_NATIVE_REVIEW","GitHub base catalogue names/pack sizes, no label verification","DRAFT_NOT_PUBLISHED"
"oatmeal-cookies","Debsy Carob","Oatmeal Cookies","شوفان كوكزي","Oatmeal cookies for enjoying as a small dessert or snack. Available catalogue size: 150 g.","شوفان كوكزي — من تشكيلة ديبسي المتنوعة من الحلويات والوجبات الخفيفة ومنتجات الخروب. تُراجع العبوة للتحقق من المكوّنات. الأحجام المتاحة: 150 غ.","Oatmeal Cookies — Une référence de la gamme Debsy, qui réunit gourmandises, collations et produits à la caroube. Vérifiez la composition sur l'emballage. Formats proposés : 150 g.","VERIFY_ALLERGENS_AND_INGREDIENTS;AR_FR_NATIVE_REVIEW","GitHub base catalogue names/pack sizes, no label verification","DRAFT_NOT_PUBLISHED"
"peanut-butter-and-molasses","Debsy Carob","Peanut Butter and Molasses","زبدة الفول السوداني و دبس","A peanut-butter-and-molasses spread to serve on toast or stir into snack recipes. Available catalogue size: 360 g.","زبدة الفول السوداني و دبس — من تشكيلة ديبسي المتنوعة من الحلويات والوجبات الخفيفة ومنتجات الخروب. تُراجع العبوة للتحقق من المكوّنات. الأحجام المتاحة: 360 غ.","Peanut Butter and Molasses — Une référence de la gamme Debsy, qui réunit gourmandises, collations et produits à la caroube. Vérifiez la composition sur l'emballage. Formats proposés : 360 g.","VERIFY_NO_ADDED_SUGAR_CLAIM;VERIFY_ALLERGENS_AND_INGREDIENTS;AR_FR_NATIVE_REVIEW","GitHub base catalogue names/pack sizes, no label verification","DRAFT_NOT_PUBLISHED"
"peanuts-carob-bar","Debsy Carob","Peanuts Carob Bar","فول سوداني خروب لوح","A peanut-and-carob snack bar in a convenient portion. Available catalogue size: 300 g.","فول سوداني خروب لوح — من تشكيلة ديبسي المتنوعة من الحلويات والوجبات الخفيفة ومنتجات الخروب. تُراجع العبوة للتحقق من المكوّنات. الأحجام المتاحة: 300 غ.","Peanuts Carob Bar — Une référence de la gamme Debsy, qui réunit gourmandises, collations et produits à la caroube. Vérifiez la composition sur l'emballage. Formats proposés : 300 g.","VERIFY_NO_ADDED_SUGAR_CLAIM;VERIFY_ALLERGENS_AND_INGREDIENTS;AR_FR_NATIVE_REVIEW","GitHub base catalogue names/pack sizes, no label verification","DRAFT_NOT_PUBLISHED"
"raisin-cookies","Debsy Carob","Raisin Cookies","زبيب كوكزي","Raisin cookies for tea breaks and dessert plates. Available catalogue size: 260 g.","كوكيز الزبيب — من تشكيلة ديبسي المتنوعة من الحلويات والوجبات الخفيفة ومنتجات الخروب. تُراجع العبوة للتحقق من المكوّنات. الأحجام المتاحة: 260 غ.","Raisin Cookies — Une référence de la gamme Debsy, qui réunit gourmandises, collations et produits à la caroube. Vérifiez la composition sur l'emballage. Formats proposés : 260 g.","VERIFY_ALLERGENS_AND_INGREDIENTS;AR_FR_NATIVE_REVIEW","GitHub base catalogue names/pack sizes, no label verification","DRAFT_NOT_PUBLISHED"
"ricky-ricardo","Debsy Carob","Ricky Ricardo","ريكي ريكاردو","Ricky Ricardo is a branded snack in the Debsy range; its flavour and ingredient list need verification. Available catalogue size: 190 g.","ريكي ريكاردو — من تشكيلة ديبسي المتنوعة من الحلويات والوجبات الخفيفة ومنتجات الخروب. تُراجع العبوة للتحقق من المكوّنات. الأحجام المتاحة: 190 غ.","Ricky Ricardo — Une référence de la gamme Debsy, qui réunit gourmandises, collations et produits à la caroube. Vérifiez la composition sur l'emballage. Formats proposés : 190 g.","VERIFY_PRODUCT_IDENTITY_OR_LABEL;VERIFY_ALLERGENS_AND_INGREDIENTS;AR_FR_NATIVE_REVIEW","GitHub base catalogue names/pack sizes, no label verification","DRAFT_NOT_PUBLISHED"
"sesame-carob-bar","Debsy Carob","Sesame Carob Bar","سمسم خروب لوح","A sesame-and-carob snack bar for a small sweet bite. Available catalogue size: 250 g.","سمسم خروب لوح — من تشكيلة ديبسي المتنوعة من الحلويات والوجبات الخفيفة ومنتجات الخروب. تُراجع العبوة للتحقق من المكوّنات. الأحجام المتاحة: 250 غ.","Sesame Carob Bar — Une référence de la gamme Debsy, qui réunit gourmandises, collations et produits à la caroube. Vérifiez la composition sur l'emballage. Formats proposés : 250 g.","VERIFY_NO_ADDED_SUGAR_CLAIM;VERIFY_ALLERGENS_AND_INGREDIENTS;AR_FR_NATIVE_REVIEW","GitHub base catalogue names/pack sizes, no label verification","DRAFT_NOT_PUBLISHED"
"sesame-cookies","Debsy Carob","Sesame Cookies","سمسم كوكزي","Sesame cookies with a nutty flavour, suited to tea and coffee. Available catalogue size: 260 g.","سمسم كوكزي — من تشكيلة ديبسي المتنوعة من الحلويات والوجبات الخفيفة ومنتجات الخروب. تُراجع العبوة للتحقق من المكوّنات. الأحجام المتاحة: 260 غ.","Sesame Cookies — Une référence de la gamme Debsy, qui réunit gourmandises, collations et produits à la caroube. Vérifiez la composition sur l'emballage. Formats proposés : 260 g.","VERIFY_ALLERGENS_AND_INGREDIENTS;AR_FR_NATIVE_REVIEW","GitHub base catalogue names/pack sizes, no label verification","DRAFT_NOT_PUBLISHED"
"tahini","Debsy Carob","Tahini","طحينة","Tahini for hummus, tarator, dressings and pairing with molasses. Available catalogue size: 600 g.","طحينة — من تشكيلة ديبسي المتنوعة من الحلويات والوجبات الخفيفة ومنتجات الخروب. تُراجع العبوة للتحقق من المكوّنات. الأحجام المتاحة: 600 غ.","Tahini — Une référence de la gamme Debsy, qui réunit gourmandises, collations et produits à la caroube. Vérifiez la composition sur l'emballage. Formats proposés : 600 g.","VERIFY_ALLERGENS_AND_INGREDIENTS;AR_FR_NATIVE_REVIEW","GitHub base catalogue names/pack sizes, no label verification","DRAFT_NOT_PUBLISHED"
"jeleb","Distillates + Syrups","Jallab Syrup","جالب","Jallab syrup for diluting into a cold drink and serving with ice. Available catalogue sizes: 1 L / 500 ml.","جالب — تُراعى التعليمات على العبوة عند إضافته إلى المشروبات أو الحلويات أو استعماله بالطريقة المخصّصة له. الأحجام المتاحة: 1 لتر / 500 مل.","Sirop de jallab — À employer suivant les indications de la bouteille, dans les boissons, desserts ou autres usages prévus. Formats proposés : 1 L / 500 ml.","AR_FR_NATIVE_REVIEW","GitHub base catalogue names/pack sizes, no label verification","DRAFT_NOT_PUBLISHED"
"maa-ward","Distillates + Syrups","Rose Water","ماء ورد","Rose water for adding floral notes to desserts, puddings and traditional sweets. Available catalogue size: 500 ml.","ماء ورد — تُراعى التعليمات على العبوة عند إضافته إلى المشروبات أو الحلويات أو استعماله بالطريقة المخصّصة له. الأحجام المتاحة: 500 مل.","Eau de rose — À employer suivant les indications de la bouteille, dans les boissons, desserts ou autres usages prévus. Formats proposés : 500 ml.","AR_FR_NATIVE_REVIEW","GitHub base catalogue names/pack sizes, no label verification","DRAFT_NOT_PUBLISHED"
"maa-zaher","Distillates + Syrups","Orange Blossom Water","ماء زهر","Orange blossom water for flavouring maamoul fillings, sweets and syrups. Available catalogue size: 500 ml.","ماء زهر — تُراعى التعليمات على العبوة عند إضافته إلى المشروبات أو الحلويات أو استعماله بالطريقة المخصّصة له. الأحجام المتاحة: 500 مل.","Eau de fleur d'oranger — À employer suivant les indications de la bouteille, dans les boissons, desserts ou autres usages prévus. Formats proposés : 500 ml.","AR_FR_NATIVE_REVIEW","GitHub base catalogue names/pack sizes, no label verification","DRAFT_NOT_PUBLISHED"
"makatar-asiin","Distillates + Syrups","Myrtle Distillate","مقطر آس","Myrtle distillate; confirm the intended culinary or other use and preparation directions on the bottle. Available catalogue size: 500 ml.","مقطّر الآس — تُراعى التعليمات على العبوة عند إضافته إلى المشروبات أو الحلويات أو استعماله بالطريقة المخصّصة له. الأحجام المتاحة: 500 مل.","Myrtle Distillate — À employer suivant les indications de la bouteille, dans les boissons, desserts ou autres usages prévus. Formats proposés : 500 ml.","VERIFY_PRODUCT_IDENTITY_OR_LABEL;AR_FR_NATIVE_REVIEW","GitHub base catalogue names/pack sizes, no label verification","DRAFT_NOT_PUBLISHED"
"makatar-zaarour","Distillates + Syrups","Hawthorn Distillate","مقطر زعرور","Hawthorn distillate; consult the label to confirm its intended use and directions. Available catalogue size: 500 ml.","مقطر زعرور — تُراعى التعليمات على العبوة عند إضافته إلى المشروبات أو الحلويات أو استعماله بالطريقة المخصّصة له. الأحجام المتاحة: 500 مل.","Hawthorn Distillate — À employer suivant les indications de la bouteille, dans les boissons, desserts ou autres usages prévus. Formats proposés : 500 ml.","VERIFY_PRODUCT_IDENTITY_OR_LABEL;AR_FR_NATIVE_REVIEW","GitHub base catalogue names/pack sizes, no label verification","DRAFT_NOT_PUBLISHED"
"makatar-zaatar","Distillates + Syrups","Thyme Distillate","مقطر زعرت","Thyme distillate; check the bottle for the precise intended use and handling directions. Available catalogue size: 500 ml.","مقطر زعرت — تُراعى التعليمات على العبوة عند إضافته إلى المشروبات أو الحلويات أو استعماله بالطريقة المخصّصة له. الأحجام المتاحة: 500 مل.","Thyme Distillate — À employer suivant les indications de la bouteille, dans les boissons, desserts ou autres usages prévus. Formats proposés : 500 ml.","VERIFY_PRODUCT_IDENTITY_OR_LABEL;AR_FR_NATIVE_REVIEW","GitHub base catalogue names/pack sizes, no label verification","DRAFT_NOT_PUBLISHED"
"sharab-el-tout","Distillates + Syrups","Mulberry Syrup","شراب ال توت","Mulberry syrup to dilute with chilled water for a refreshing fruit-flavoured drink. Available catalogue size: 500 ml.","شراب ال توت — تُراعى التعليمات على العبوة عند إضافته إلى المشروبات أو الحلويات أو استعماله بالطريقة المخصّصة له. الأحجام المتاحة: 500 مل.","Sirop de mûre — À employer suivant les indications de la bouteille, dans les boissons, desserts ou autres usages prévus. Formats proposés : 500 ml.","AR_FR_NATIVE_REVIEW","GitHub base catalogue names/pack sizes, no label verification","DRAFT_NOT_PUBLISHED"
"sharab-el-ward","Distillates + Syrups","Rose Syrup","شراب ال ورد","Rose syrup for fragrant cold drinks and dessert presentations. Available catalogue size: 500 ml.","شراب ال ورد — تُراعى التعليمات على العبوة عند إضافته إلى المشروبات أو الحلويات أو استعماله بالطريقة المخصّصة له. الأحجام المتاحة: 500 مل.","Sirop de rose — À employer suivant les indications de la bouteille, dans les boissons, desserts ou autres usages prévus. Formats proposés : 500 ml.","AR_FR_NATIVE_REVIEW","GitHub base catalogue names/pack sizes, no label verification","DRAFT_NOT_PUBLISHED"
"sugar-free-jeleb","Distillates + Syrups","Sugar-Free Jeleb","خالي جالب-سكر","Jallab syrup listed as sugar-free; confirm the sweetener and nutrition information on the bottle. Available catalogue size: 500 ml.","خالي جالب-سكر — تُراعى التعليمات على العبوة عند إضافته إلى المشروبات أو الحلويات أو استعماله بالطريقة المخصّصة له. الأحجام المتاحة: 500 مل.","Sugar-Free Jeleb — À employer suivant les indications de la bouteille, dans les boissons, desserts ou autres usages prévus. Formats proposés : 500 ml.","VERIFY_SWEETENER_LABEL;AR_FR_NATIVE_REVIEW","GitHub base catalogue names/pack sizes, no label verification","DRAFT_NOT_PUBLISHED"
"suger-free-mulberry","Distillates + Syrups","Sugar-Free Mulberry Syrup","خالي توت-سكر","Mulberry syrup listed as sugar-free; review the bottle for the sweeteners used. Available catalogue size: 250 ml.","خالي توت-سكر — تُراعى التعليمات على العبوة عند إضافته إلى المشروبات أو الحلويات أو استعماله بالطريقة المخصّصة له. الأحجام المتاحة: 250 مل.","Sugar-Free Mulberry Syrup — À employer suivant les indications de la bouteille, dans les boissons, desserts ou autres usages prévus. Formats proposés : 250 ml.","VERIFY_SWEETENER_LABEL;AR_FR_NATIVE_REVIEW","GitHub base catalogue names/pack sizes, no label verification","DRAFT_NOT_PUBLISHED"
"aamar-el-din-kotaa","Dried Foods","Apricot Fruit Leather Pieces","قمر ال الدين قطع","Pieces of apricot fruit leather to snack on or soak for traditional apricot drinks. Available catalogue size: 500 g.","قمر ال الدين قطع — ملائم للتناول أو لإضافته إلى الوصفات بحسب نوع المنتج المجفّف. الأحجام المتاحة: 500 غ.","Apricot Fruit Leather Pieces — Pour les collations ou les recettes adaptées à cet aliment séché. Formats proposés : 500 g.","AR_FR_NATIVE_REVIEW","GitHub base catalogue names/pack sizes, no label verification","DRAFT_NOT_PUBLISHED"
"barkouk-mjafaf","Dried Foods","Prunes","برقوق مجفف","Dried prunes for snacking, stewed fruit or adding to slow-cooked dishes. Available catalogue sizes: 200 g / 500 g.","برقوق مجفف — ملائم للتناول أو لإضافته إلى الوصفات بحسب نوع المنتج المجفّف. الأحجام المتاحة: 200 غ / 500 غ.","Prunes — Pour les collations ou les recettes adaptées à cet aliment séché. Formats proposés : 200 g / 500 g.","AR_FR_NATIVE_REVIEW","GitHub base catalogue names/pack sizes, no label verification","DRAFT_NOT_PUBLISHED"
"cranberries","Dried Foods","Cranberries","توت بري","Cranberries for tossing through cereals, salads and baked goods. Available catalogue sizes: 250 g / 500 g.","توت بري — ملائم للتناول أو لإضافته إلى الوصفات بحسب نوع المنتج المجفّف. الأحجام المتاحة: 250 غ / 500 غ.","Cranberries — Pour les collations ou les recettes adaptées à cet aliment séché. Formats proposés : 250 g / 500 g.","AR_FR_NATIVE_REVIEW","GitHub base catalogue names/pack sizes, no label verification","DRAFT_NOT_PUBLISHED"
"goji-berries","Dried Foods","Goji Berries","غوجي توت","Goji berries for mixing into breakfast bowls, trail mixes or snack blends. Available catalogue sizes: 200 g / 250 g.","غوجي توت — ملائم للتناول أو لإضافته إلى الوصفات بحسب نوع المنتج المجفّف. الأحجام المتاحة: 200 غ / 250 غ.","Goji Berries — Pour les collations ou les recettes adaptées à cet aliment séché. Formats proposés : 200 g / 250 g.","AR_FR_NATIVE_REVIEW","GitHub base catalogue names/pack sizes, no label verification","DRAFT_NOT_PUBLISHED"
"grated-coconut","Dried Foods","Grated Coconut","جوز هند مبشور","Grated coconut for rolling sweets, decorating cakes and adding to biscuits. Available catalogue sizes: 200 g / 500 g.","جوز هند مبشور — ملائم للتناول أو لإضافته إلى الوصفات بحسب نوع المنتج المجفّف. الأحجام المتاحة: 200 غ / 500 غ.","Grated Coconut — Pour les collations ou les recettes adaptées à cet aliment séché. Formats proposés : 200 g / 500 g.","AR_FR_NATIVE_REVIEW","GitHub base catalogue names/pack sizes, no label verification","DRAFT_NOT_PUBLISHED"
"meshmosh-mojafaf","Dried Foods","Dried Apricots","مشمش مجفف","Dried apricots in the 500 g listing, suitable for snacking or chopped into desserts. Available catalogue size: 500 g.","مشمش مجفف — ملائم للتناول أو لإضافته إلى الوصفات بحسب نوع المنتج المجفّف. الأحجام المتاحة: 500 غ.","Dried Apricots — Pour les collations ou les recettes adaptées à cet aliment séché. Formats proposés : 500 g.","AR_FR_NATIVE_REVIEW","GitHub base catalogue names/pack sizes, no label verification","DRAFT_NOT_PUBLISHED"
"moshmosh-mojafaf","Dried Foods","Dried Apricots","مشمش مجفف","Dried apricots in the 250 g listing, suitable for snacking or adding to breakfast bowls. Available catalogue size: 250 g.","مشمش مجفف — ملائم للتناول أو لإضافته إلى الوصفات بحسب نوع المنتج المجفّف. الأحجام المتاحة: 250 غ.","Dried Apricots — Pour les collations ou les recettes adaptées à cet aliment séché. Formats proposés : 250 g.","AR_FR_NATIVE_REVIEW","GitHub base catalogue names/pack sizes, no label verification","DRAFT_NOT_PUBLISHED"
"sun-dried-tomatoes","Dried Foods","Sun-Dried Tomatoes","طماطم مجففة بالشمس","Sun-dried tomatoes for pasta, salads and savoury spreads. Available catalogue size: 250 g.","طماطم مجففة بالشمس — ملائم للتناول أو لإضافته إلى الوصفات بحسب نوع المنتج المجفّف. الأحجام المتاحة: 250 غ.","Sun-Dried Tomatoes — Pour les collations ou les recettes adaptées à cet aliment séché. Formats proposés : 250 g.","AR_FR_NATIVE_REVIEW","GitHub base catalogue names/pack sizes, no label verification","DRAFT_NOT_PUBLISHED"
"teen-hibal","Dried Foods","String-Dried Figs","تني حبال","String-dried figs presented on a string, for serving or gifting as a traditional dried fruit. Available catalogue size: 500 g.","تني حبال — ملائم للتناول أو لإضافته إلى الوصفات بحسب نوع المنتج المجفّف. الأحجام المتاحة: 500 غ.","String-Dried Figs — Pour les collations ou les recettes adaptées à cet aliment séché. Formats proposés : 500 g.","AR_FR_NATIVE_REVIEW","GitHub base catalogue names/pack sizes, no label verification","DRAFT_NOT_PUBLISHED"
"teen-mjafaf","Dried Foods","Dried Figs","تني مجفف","Dried figs to enjoy on their own or pair with nuts and cheese. Available catalogue size: 200 g.","تني مجفف — ملائم للتناول أو لإضافته إلى الوصفات بحسب نوع المنتج المجفّف. الأحجام المتاحة: 200 غ.","Dried Figs — Pour les collations ou les recettes adaptées à cet aliment séché. Formats proposés : 200 g.","AR_FR_NATIVE_REVIEW","GitHub base catalogue names/pack sizes, no label verification","DRAFT_NOT_PUBLISHED"
"zarshak","Dried Foods","Barberries","زرشك","Barberries for their tart character in rice dishes and savoury garnishes. Available catalogue sizes: 250 g / 500 g.","زرشك — ملائم للتناول أو لإضافته إلى الوصفات بحسب نوع المنتج المجفّف. الأحجام المتاحة: 250 غ / 500 غ.","Barberries — Pour les collations ou les recettes adaptées à cet aliment séché. Formats proposés : 250 g / 500 g.","AR_FR_NATIVE_REVIEW","GitHub base catalogue names/pack sizes, no label verification","DRAFT_NOT_PUBLISHED"
"zbeeb-ashlamish","Dried Foods","Ashlamish Raisins","زبيب أشلميش","Ashlamish raisins for snacking or adding to cereals and sweet baking. Available catalogue sizes: 200 g / 500 g.","زبيب أشلميش — ملائم للتناول أو لإضافته إلى الوصفات بحسب نوع المنتج المجفّف. الأحجام المتاحة: 200 غ / 500 غ.","Ashlamish Raisins — Pour les collations ou les recettes adaptées à cet aliment séché. Formats proposés : 200 g / 500 g.","AR_FR_NATIVE_REVIEW","GitHub base catalogue names/pack sizes, no label verification","DRAFT_NOT_PUBLISHED"
"zbeeb-aswad","Dried Foods","Black Raisins","زبيب أسود","Black raisins for trail mix, rice dishes and baked sweets. Available catalogue sizes: 200 g / 500 g.","زبيب أسود — ملائم للتناول أو لإضافته إلى الوصفات بحسب نوع المنتج المجفّف. الأحجام المتاحة: 200 غ / 500 غ.","Black Raisins — Pour les collations ou les recettes adaptées à cet aliment séché. Formats proposés : 200 g / 500 g.","AR_FR_NATIVE_REVIEW","GitHub base catalogue names/pack sizes, no label verification","DRAFT_NOT_PUBLISHED"
"zbeeb-chile","Dried Foods","Chilean Raisins","زبيب تشيلي","Chilean raisins for snacking and incorporating into cakes or breakfast mixes. Available catalogue sizes: 200 g / 500 g.","زبيب تشيلي — ملائم للتناول أو لإضافته إلى الوصفات بحسب نوع المنتج المجفّف. الأحجام المتاحة: 200 غ / 500 غ.","Chilean Raisins — Pour les collations ou les recettes adaptées à cet aliment séché. Formats proposés : 200 g / 500 g.","AR_FR_NATIVE_REVIEW","GitHub base catalogue names/pack sizes, no label verification","DRAFT_NOT_PUBLISHED"
"all-use-flour","Flour","All-Purpose Flour","طحني متعدد االستعماالت","All-purpose flour for cakes, bread doughs, savoury pastries and general baking. Available catalogue size: 1 kg.","طحني متعدد االستعماالت — يُستخدم في وصفات العجين والمخبوزات المناسبة لنوعه ودرجة طحنه. الأحجام المتاحة: 1 كغ.","All-Purpose Flour — Pour les pâtes et pâtisseries adaptées à sa variété et à sa mouture. Formats proposés : 1 kg.","AR_FR_NATIVE_REVIEW","GitHub base catalogue names/pack sizes, no label verification","DRAFT_NOT_PUBLISHED"
"almond-flour","Flour","Almond Flour","طحني لوز","Almond flour for almond cakes, biscuits and recipes calling for ground almonds. Available catalogue size: 500 g.","طحني لوز — يُستخدم في وصفات العجين والمخبوزات المناسبة لنوعه ودرجة طحنه. الأحجام المتاحة: 500 غ.","Almond Flour — Pour les pâtes et pâtisseries adaptées à sa variété et à sa mouture. Formats proposés : 500 g.","AR_FR_NATIVE_REVIEW","GitHub base catalogue names/pack sizes, no label verification","DRAFT_NOT_PUBLISHED"
"barley-flour","Flour","Barley Flour","طحني شعري","Barley flour for selected breads, flatbreads and grain-based baking recipes. Available catalogue size: 1 kg.","طحني شعري — يُستخدم في وصفات العجين والمخبوزات المناسبة لنوعه ودرجة طحنه. الأحجام المتاحة: 1 كغ.","Barley Flour — Pour les pâtes et pâtisseries adaptées à sa variété et à sa mouture. Formats proposés : 1 kg.","AR_FR_NATIVE_REVIEW","GitHub base catalogue names/pack sizes, no label verification","DRAFT_NOT_PUBLISHED"
"barly-flour","Flour","Barley Flour","شعري طحني","A legacy barley flour listing; confirm whether it matches the other barley flour product. Available catalogue size: 500 g.","شعري طحني — يُستخدم في وصفات العجين والمخبوزات المناسبة لنوعه ودرجة طحنه. الأحجام المتاحة: 500 غ.","Barley Flour — Pour les pâtes et pâtisseries adaptées à sa variété et à sa mouture. Formats proposés : 500 g.","ALIAS_DUPLICATE;AR_FR_NATIVE_REVIEW","GitHub base catalogue names/pack sizes, no label verification","DRAFT_NOT_PUBLISHED"
"corn-flour","Flour","Corn Flour","طحني ذرة","Corn flour for preparations that call for milled maize; verify the grind on the packet. Available catalogue size: 500 g.","طحني ذرة — يُستخدم في وصفات العجين والمخبوزات المناسبة لنوعه ودرجة طحنه. الأحجام المتاحة: 500 غ.","Corn Flour — Pour les pâtes et pâtisseries adaptées à sa variété et à sa mouture. Formats proposés : 500 g.","AR_FR_NATIVE_REVIEW","GitHub base catalogue names/pack sizes, no label verification","DRAFT_NOT_PUBLISHED"
"dora-flour","Flour","Corn Flour","ذرة طحني","Dora corn flour for maize-based doughs and traditional grain recipes. Available catalogue size: 1 kg.","ذرة طحني — يُستخدم في وصفات العجين والمخبوزات المناسبة لنوعه ودرجة طحنه. الأحجام المتاحة: 1 كغ.","Corn Flour — Pour les pâtes et pâtisseries adaptées à sa variété et à sa mouture. Formats proposés : 1 kg.","AR_FR_NATIVE_REVIEW","GitHub base catalogue names/pack sizes, no label verification","DRAFT_NOT_PUBLISHED"
"shoufen-flour","Flour","Oat Flour","شوفان طحني","Oat flour for pancakes, biscuits and recipes using finely milled oats. Available catalogue size: 1 kg.","طحين الشوفان — يُستخدم في وصفات العجين والمخبوزات المناسبة لنوعه ودرجة طحنه. الأحجام المتاحة: 1 كغ.","Oat Flour — Pour les pâtes et pâtisseries adaptées à sa variété et à sa mouture. Formats proposés : 1 kg.","AR_FR_NATIVE_REVIEW","GitHub base catalogue names/pack sizes, no label verification","DRAFT_NOT_PUBLISHED"
"theen-farkha","Flour","Farina Flour","طحني فرخة","Farina flour for recipes calling for coarse or fine wheat farina; verify the grind. Available catalogue sizes: 1 kg / 500 g.","طحني فرخة — يُستخدم في وصفات العجين والمخبوزات المناسبة لنوعه ودرجة طحنه. الأحجام المتاحة: 1 كغ / 500 غ.","Farina Flour — Pour les pâtes et pâtisseries adaptées à sa variété et à sa mouture. Formats proposés : 1 kg / 500 g.","AR_FR_NATIVE_REVIEW","GitHub base catalogue names/pack sizes, no label verification","DRAFT_NOT_PUBLISHED"
"whole-wheat-flour","Flour","Whole Wheat Flour","طحني قمح كامل","Whole wheat flour for rustic bread, doughs and hearty baked goods. Available catalogue size: 1 kg.","طحني قمح كامل — يُستخدم في وصفات العجين والمخبوزات المناسبة لنوعه ودرجة طحنه. الأحجام المتاحة: 1 كغ.","Whole Wheat Flour — Pour les pâtes et pâtisseries adaptées à sa variété et à sa mouture. Formats proposés : 1 kg.","AR_FR_NATIVE_REVIEW","GitHub base catalogue names/pack sizes, no label verification","DRAFT_NOT_PUBLISHED"
"yeast","Flour","Yeast","خمرية","Yeast for bread and dough recipes; check the pack for the type and preparation instructions. Available catalogue size: 450 g.","خمرية — يُستخدم في وصفات العجين والمخبوزات المناسبة لنوعه ودرجة طحنه. الأحجام المتاحة: 450 غ.","Yeast — Pour les pâtes et pâtisseries adaptées à sa variété et à sa mouture. Formats proposés : 450 g.","AR_FR_NATIVE_REVIEW","GitHub base catalogue names/pack sizes, no label verification","DRAFT_NOT_PUBLISHED"
"zero-flour","Flour","Zero Flour","زيرو طحني","Zero flour sold as a refined baking flour; check the packaging for the exact flour grade. Available catalogue sizes: 1 kg / 2 kg / 500 g.","زيرو طحني — يُستخدم في وصفات العجين والمخبوزات المناسبة لنوعه ودرجة طحنه. الأحجام المتاحة: 1 كغ / 2 كغ / 500 غ.","Zero Flour — Pour les pâtes et pâtisseries adaptées à sa variété et à sa mouture. Formats proposés : 1 kg / 2 kg / 500 g.","AR_FR_NATIVE_REVIEW","GitHub base catalogue names/pack sizes, no label verification","DRAFT_NOT_PUBLISHED"
"american-rice","Grains","American Rice","أرز أمريكي","American rice for everyday rice dishes, sides and casseroles. Available catalogue size: 1 kg.","أرز أمريكي — مناسب لأطباق الحبوب المنزلية والشوربات بحسب نوعه وطريقة طبخه. الأحجام المتاحة: 1 كغ.","American Rice — Pour les plats de céréales, accompagnements et soupes selon la variété. Formats proposés : 1 kg.","AR_FR_NATIVE_REVIEW","GitHub base catalogue names/pack sizes, no label verification","DRAFT_NOT_PUBLISHED"
"baldo-italian-rice","Grains","Baldo Italian Rice","أرز بالدو إيطالي","Italian Baldo rice for creamy rice dishes and recipes needing a plump rice grain. Available catalogue sizes: 1 kg / 2 kg.","أرز بالدو إيطالي — مناسب لأطباق الحبوب المنزلية والشوربات بحسب نوعه وطريقة طبخه. الأحجام المتاحة: 1 كغ / 2 كغ.","Baldo Italian Rice — Pour les plats de céréales, accompagnements et soupes selon la variété. Formats proposés : 1 kg / 2 kg.","AR_FR_NATIVE_REVIEW","GitHub base catalogue names/pack sizes, no label verification","DRAFT_NOT_PUBLISHED"
"barley","Grains","Barley","بارليي","Barley grains for soups, salads and slow-cooked grain dishes. Available catalogue sizes: 1 kg / 500 g.","بارليي — مناسب لأطباق الحبوب المنزلية والشوربات بحسب نوعه وطريقة طبخه. الأحجام المتاحة: 1 كغ / 500 غ.","Barley — Pour les plats de céréales, accompagnements et soupes selon la variété. Formats proposés : 1 kg / 500 g.","AR_FR_NATIVE_REVIEW","GitHub base catalogue names/pack sizes, no label verification","DRAFT_NOT_PUBLISHED"
"burglur-abyad-faksh","Grains","Extra-Coarse White Bulgur","برغل أبيض فكش","Extra-coarse white bulgur for rustic pilafs and grain-based dishes. Available catalogue size: 1 kg.","برغل أبيض فكش — مناسب لأطباق الحبوب المنزلية والشوربات بحسب نوعه وطريقة طبخه. الأحجام المتاحة: 1 كغ.","Extra-Coarse White Bulgur — Pour les plats de céréales, accompagnements et soupes selon la variété. Formats proposés : 1 kg.","AR_FR_NATIVE_REVIEW","GitHub base catalogue names/pack sizes, no label verification","DRAFT_NOT_PUBLISHED"
"burglur-abyad-kheshen","Grains","Coarse White Bulgur","برغل أبيض خشن","Coarse white bulgur for pilafs, vegetable fillings and home cooking. Available catalogue sizes: 1 kg / 2 kg / 500 g.","برغل أبيض خشن — مناسب لأطباق الحبوب المنزلية والشوربات بحسب نوعه وطريقة طبخه. الأحجام المتاحة: 1 كغ / 2 كغ / 500 غ.","Coarse White Bulgur — Pour les plats de céréales, accompagnements et soupes selon la variété. Formats proposés : 1 kg / 2 kg / 500 g.","AR_FR_NATIVE_REVIEW","GitHub base catalogue names/pack sizes, no label verification","DRAFT_NOT_PUBLISHED"
"burglur-abyad-neeme","Grains","Fine White Bulgur","برغل أبيض نعمة","Fine white bulgur for salads, kibbeh-style mixtures and quick grain dishes. Available catalogue sizes: 1 kg / 500 g.","برغل أبيض نعمة — مناسب لأطباق الحبوب المنزلية والشوربات بحسب نوعه وطريقة طبخه. الأحجام المتاحة: 1 كغ / 500 غ.","Fine White Bulgur — Pour les plats de céréales, accompagnements et soupes selon la variété. Formats proposés : 1 kg / 500 g.","AR_FR_NATIVE_REVIEW","GitHub base catalogue names/pack sizes, no label verification","DRAFT_NOT_PUBLISHED"
"burglur-asmar-faksh","Grains","Extra-Coarse Brown Bulgur","برغل أسمر فكش","Extra-coarse brown bulgur for hearty pilafs and rustic grain recipes. Available catalogue size: 1 kg.","برغل أسمر فكش — مناسب لأطباق الحبوب المنزلية والشوربات بحسب نوعه وطريقة طبخه. الأحجام المتاحة: 1 كغ.","Extra-Coarse Brown Bulgur — Pour les plats de céréales, accompagnements et soupes selon la variété. Formats proposés : 1 kg.","AR_FR_NATIVE_REVIEW","GitHub base catalogue names/pack sizes, no label verification","DRAFT_NOT_PUBLISHED"
"burglur-asmar-kheshen","Grains","Coarse Brown Bulgur","برغل أسمر خشن","Coarse brown bulgur for substantial pilafs and cooked grain dishes. Available catalogue sizes: 1 kg / 2 kg / 500 g.","برغل أسمر خشن — مناسب لأطباق الحبوب المنزلية والشوربات بحسب نوعه وطريقة طبخه. الأحجام المتاحة: 1 كغ / 2 كغ / 500 غ.","Coarse Brown Bulgur — Pour les plats de céréales, accompagnements et soupes selon la variété. Formats proposés : 1 kg / 2 kg / 500 g.","AR_FR_NATIVE_REVIEW","GitHub base catalogue names/pack sizes, no label verification","DRAFT_NOT_PUBLISHED"
"burglur-asmar-neeme","Grains","Fine Brown Bulgur","برغل أسمر نعمة","Fine brown bulgur for tabbouleh-style salads and kibbeh preparations. Available catalogue sizes: 1 kg / 2 kg / 500 g.","برغل أسمر ناعم — مناسب لأطباق الحبوب المنزلية والشوربات بحسب نوعه وطريقة طبخه. الأحجام المتاحة: 1 كغ / 2 كغ / 500 غ.","Fine Brown Bulgur — Pour les plats de céréales, accompagnements et soupes selon la variété. Formats proposés : 1 kg / 2 kg / 500 g.","AR_FR_NATIVE_REVIEW","GitHub base catalogue names/pack sizes, no label verification","DRAFT_NOT_PUBLISHED"
"dried-moghrabieh","Grains","Dried Moghrabieh","مجفف مغربية","Dried moghrabieh pearls for cooking in broth with chickpeas and onions. Available catalogue size: 900 g.","مجفف مغربية — مناسب لأطباق الحبوب المنزلية والشوربات بحسب نوعه وطريقة طبخه. الأحجام المتاحة: 900 غ.","Dried Moghrabieh — Pour les plats de céréales, accompagnements et soupes selon la variété. Formats proposés : 900 g.","AR_FR_NATIVE_REVIEW","GitHub base catalogue names/pack sizes, no label verification","DRAFT_NOT_PUBLISHED"
"egyptian-rice","Grains","Egyptian Rice","مصري أرز","Egyptian rice for traditional rice dishes and everyday sides. Available catalogue sizes: 1 kg / 2 kg.","مصري أرز — مناسب لأطباق الحبوب المنزلية والشوربات بحسب نوعه وطريقة طبخه. الأحجام المتاحة: 1 كغ / 2 كغ.","Egyptian Rice — Pour les plats de céréales, accompagnements et soupes selon la variété. Formats proposés : 1 kg / 2 kg.","AR_FR_NATIVE_REVIEW","GitHub base catalogue names/pack sizes, no label verification","DRAFT_NOT_PUBLISHED"
"freeke","Grains","Freekeh","فريكة","Freekeh for pilafs, soups and grain dishes with a distinctive toasted character. Available catalogue sizes: 500 g / 1 kg.","فريكة — مناسب لأطباق الحبوب المنزلية والشوربات بحسب نوعه وطريقة طبخه. الأحجام المتاحة: 500 غ / 1 كغ.","Freekeh — Pour les plats de céréales, accompagnements et soupes selon la variété. Formats proposés : 500 g / 1 kg.","AR_FR_NATIVE_REVIEW","GitHub base catalogue names/pack sizes, no label verification","DRAFT_NOT_PUBLISHED"
"golden-sila-basmati-rice","Grains","Golden Sila Basmati Rice","ذهيب سيال بسميت أرز","Golden Sila basmati rice for aromatic rice plates, pilafs and spiced dishes. Available catalogue size: 1 kg.","ذهيب سيال بسميت أرز — مناسب لأطباق الحبوب المنزلية والشوربات بحسب نوعه وطريقة طبخه. الأحجام المتاحة: 1 كغ.","Golden Sila Basmati Rice — Pour les plats de céréales, accompagnements et soupes selon la variété. Formats proposés : 1 kg.","AR_FR_NATIVE_REVIEW","GitHub base catalogue names/pack sizes, no label verification","DRAFT_NOT_PUBLISHED"
"kameh-habe-kamle","Grains","Whole Wheat Berries","كاميه حبة كاملة","Whole wheat berries for slow-cooked grain salads and wheat dishes. Available catalogue size: 1 kg.","كاميه حبة كاملة — مناسب لأطباق الحبوب المنزلية والشوربات بحسب نوعه وطريقة طبخه. الأحجام المتاحة: 1 كغ.","Whole Wheat Berries — Pour les plats de céréales, accompagnements et soupes selon la variété. Formats proposés : 1 kg.","AR_FR_NATIVE_REVIEW","GitHub base catalogue names/pack sizes, no label verification","DRAFT_NOT_PUBLISHED"
"kameh-makshour","Grains","Cracked Wheat","كاميه ماكشور","Cracked wheat for porridge-style dishes, grain sides and rustic recipes. Available catalogue sizes: 1 kg / 2 kg / 500 g.","كاميه ماكشور — مناسب لأطباق الحبوب المنزلية والشوربات بحسب نوعه وطريقة طبخه. الأحجام المتاحة: 1 كغ / 2 كغ / 500 غ.","Cracked Wheat — Pour les plats de céréales, accompagnements et soupes selon la variété. Formats proposés : 1 kg / 2 kg / 500 g.","AR_FR_NATIVE_REVIEW","GitHub base catalogue names/pack sizes, no label verification","DRAFT_NOT_PUBLISHED"
"kinwa-bayda","Grains","White Quinoa","كينوا بيضاء","White quinoa for grain bowls, salads and vegetable sides. Available catalogue size: 200 g.","كينوا بيضاء — مناسب لأطباق الحبوب المنزلية والشوربات بحسب نوعه وطريقة طبخه. الأحجام المتاحة: 200 غ.","White Quinoa — Pour les plats de céréales, accompagnements et soupes selon la variété. Formats proposés : 200 g.","AR_FR_NATIVE_REVIEW","GitHub base catalogue names/pack sizes, no label verification","DRAFT_NOT_PUBLISHED"
"long-grain-brown-rice","Grains","Long Grain Brown Rice","حبة طويلة بين أرز","Long-grain brown rice for grain salads and everyday rice dishes. Available catalogue size: 1 kg.","حبة طويلة بين أرز — مناسب لأطباق الحبوب المنزلية والشوربات بحسب نوعه وطريقة طبخه. الأحجام المتاحة: 1 كغ.","Long Grain Brown Rice — Pour les plats de céréales, accompagnements et soupes selon la variété. Formats proposés : 1 kg.","AR_FR_NATIVE_REVIEW","GitHub base catalogue names/pack sizes, no label verification","DRAFT_NOT_PUBLISHED"
"makhlotet-hboub","Grains","Mixed Grains","مخلوطة حبوب","Mixed grains for preparing a varied grain bowl, soup or side dish. Available catalogue size: 1 kg.","مخلوطة حبوب — مناسب لأطباق الحبوب المنزلية والشوربات بحسب نوعه وطريقة طبخه. الأحجام المتاحة: 1 كغ.","Mixed Grains — Pour les plats de céréales, accompagnements et soupes selon la variété. Formats proposés : 1 kg.","AR_FR_NATIVE_REVIEW","GitHub base catalogue names/pack sizes, no label verification","DRAFT_NOT_PUBLISHED"
"popcorn","Grains","Popcorn","فشار","Popcorn kernels for making freshly popped corn at home. Available catalogue size: 1 kg.","فشار — مناسب لأطباق الحبوب المنزلية والشوربات بحسب نوعه وطريقة طبخه. الأحجام المتاحة: 1 كغ.","Popcorn — Pour les plats de céréales, accompagnements et soupes selon la variété. Formats proposés : 1 kg.","AR_FR_NATIVE_REVIEW","GitHub base catalogue names/pack sizes, no label verification","DRAFT_NOT_PUBLISHED"
"popcorn-jumbo","Grains","Popcorn Jumbo","فشار جومبو","Jumbo popcorn kernels for larger popped pieces; popping results depend on preparation. Available catalogue sizes: 1 kg / 2 kg.","فشار جومبو — مناسب لأطباق الحبوب المنزلية والشوربات بحسب نوعه وطريقة طبخه. الأحجام المتاحة: 1 كغ / 2 كغ.","Popcorn Jumbo — Pour les plats de céréales, accompagnements et soupes selon la variété. Formats proposés : 1 kg / 2 kg.","AR_FR_NATIVE_REVIEW","GitHub base catalogue names/pack sizes, no label verification","DRAFT_NOT_PUBLISHED"
"rice-neeme","Grains","Fine Rice","أرز نعمة","Fine rice sold for recipes requiring smaller-grain rice; check the grain type on the pack. Available catalogue sizes: 1 kg / 500 g.","أرز نعمة — مناسب لأطباق الحبوب المنزلية والشوربات بحسب نوعه وطريقة طبخه. الأحجام المتاحة: 1 كغ / 500 غ.","Fine Rice — Pour les plats de céréales, accompagnements et soupes selon la variété. Formats proposés : 1 kg / 500 g.","AR_FR_NATIVE_REVIEW","GitHub base catalogue names/pack sizes, no label verification","DRAFT_NOT_PUBLISHED"
"shaariye","Grains","Vermicelli","شعريية","Vermicelli for rice with noodles, soups and simple pasta dishes. Available catalogue sizes: 1 kg / 500 g.","شعريية — مناسب لأطباق الحبوب المنزلية والشوربات بحسب نوعه وطريقة طبخه. الأحجام المتاحة: 1 كغ / 500 غ.","Vermicelli — Pour les plats de céréales, accompagnements et soupes selon la variété. Formats proposés : 1 kg / 500 g.","AR_FR_NATIVE_REVIEW","GitHub base catalogue names/pack sizes, no label verification","DRAFT_NOT_PUBLISHED"
"shoufen","Grains","Oats","شوفان","Oats for porridge, granola, baking and breakfast bowls. Available catalogue sizes: 1 kg / 500 g.","شوفان — مناسب لأطباق الحبوب المنزلية والشوربات بحسب نوعه وطريقة طبخه. الأحجام المتاحة: 1 كغ / 500 غ.","Oats — Pour les plats de céréales, accompagnements et soupes selon la variété. Formats proposés : 1 kg / 500 g.","AR_FR_NATIVE_REVIEW","GitHub base catalogue names/pack sizes, no label verification","DRAFT_NOT_PUBLISHED"
"sila-rice-xxl","Grains","Sila Rice Xxl","سيال أرز إكس إكس إل","Sila XXL rice for rice dishes where the pack's longer-grain format is preferred. Available catalogue sizes: 1 kg / 2 kg.","سيال أرز إكس إكس إل — مناسب لأطباق الحبوب المنزلية والشوربات بحسب نوعه وطريقة طبخه. الأحجام المتاحة: 1 كغ / 2 كغ.","Sila Rice Xxl — Pour les plats de céréales, accompagnements et soupes selon la variété. Formats proposés : 1 kg / 2 kg.","AR_FR_NATIVE_REVIEW","GitHub base catalogue names/pack sizes, no label verification","DRAFT_NOT_PUBLISHED"
"smeed","Grains","Semolina","سميد","Semolina for basbousa, maamoul and other wheat-based dishes. Available catalogue sizes: 1 kg / 500 g.","سميد — مناسب لأطباق الحبوب المنزلية والشوربات بحسب نوعه وطريقة طبخه. الأحجام المتاحة: 1 كغ / 500 غ.","Semolina — Pour les plats de céréales, accompagnements et soupes selon la variété. Formats proposés : 1 kg / 500 g.","AR_FR_NATIVE_REVIEW","GitHub base catalogue names/pack sizes, no label verification","DRAFT_NOT_PUBLISHED"
"aasfor","Herbs","Safflower","عصفور","Safflower petals used for colour in traditional cooking and infusions. Available catalogue size: 50 g.","عصفور — تُراجع العبوة للتأكد من نوع النبات وطريقة تحضيره واستعماله بأمان. الأحجام المتاحة: 50 غ.","Safflower — Vérifiez l'identification de la plante et son mode d'emploi avant toute préparation. Formats proposés : 50 g.","AR_FR_NATIVE_REVIEW","GitHub base catalogue names/pack sizes, no label verification","DRAFT_NOT_PUBLISHED"
"chamomile","Herbs","Chamomile","بابونج","Chamomile herb commonly prepared as a warm herbal infusion. Available catalogue size: 100 g.","بابونج — تُراجع العبوة للتأكد من نوع النبات وطريقة تحضيره واستعماله بأمان. الأحجام المتاحة: 100 غ.","Chamomile — Vérifiez l'identification de la plante et son mode d'emploi avant toute préparation. Formats proposés : 100 g.","AR_FR_NATIVE_REVIEW","GitHub base catalogue names/pack sizes, no label verification","DRAFT_NOT_PUBLISHED"
"dried-rose-petals","Herbs","Dried Rose Petals","مجفف ورد بتالت","Dried rose petals for floral infusions, decorative garnishes and potpourri where appropriate. Available catalogue size: 100 g.","مجفف ورد بتالت — تُراجع العبوة للتأكد من نوع النبات وطريقة تحضيره واستعماله بأمان. الأحجام المتاحة: 100 غ.","Dried Rose Petals — Vérifiez l'identification de la plante et son mode d'emploi avant toute préparation. Formats proposés : 100 g.","AR_FR_NATIVE_REVIEW","GitHub base catalogue names/pack sizes, no label verification","DRAFT_NOT_PUBLISHED"
"dried-rosemary","Herbs","Dried Rosemary","مجفف إكليل الجبل","Dried rosemary for roasted vegetables, chicken and savoury bread. Available catalogue size: 100 g.","مجفف إكليل الجبل — تُراجع العبوة للتأكد من نوع النبات وطريقة تحضيره واستعماله بأمان. الأحجام المتاحة: 100 غ.","Dried Rosemary — Vérifiez l'identification de la plante et son mode d'emploi avant toute préparation. Formats proposés : 100 g.","AR_FR_NATIVE_REVIEW","GitHub base catalogue names/pack sizes, no label verification","DRAFT_NOT_PUBLISHED"
"green-tea","Herbs","Green Tea","أخضر شاي","Green tea leaves for preparing a freshly brewed cup. Available catalogue size: 200 g.","أخضر شاي — تُراجع العبوة للتأكد من نوع النبات وطريقة تحضيره واستعماله بأمان. الأحجام المتاحة: 200 غ.","Green Tea — Vérifiez l'identification de la plante et son mode d'emploi avant toute préparation. Formats proposés : 200 g.","AR_FR_NATIVE_REVIEW","GitHub base catalogue names/pack sizes, no label verification","DRAFT_NOT_PUBLISHED"
"habaa","Herbs","Habaa Herb","حبة","Habaa herb under its traditional name; botanical identity needs confirmation before preparation advice. Available catalogue size: 100 g.","حبة — تُراجع العبوة للتأكد من نوع النبات وطريقة تحضيره واستعماله بأمان. الأحجام المتاحة: 100 غ.","Habaa Herb — Vérifiez l'identification de la plante et son mode d'emploi avant toute préparation. Formats proposés : 100 g.","VERIFY_PRODUCT_IDENTITY_OR_LABEL;AR_FR_NATIVE_REVIEW","GitHub base catalogue names/pack sizes, no label verification","DRAFT_NOT_PUBLISHED"
"karkadeh","Herbs","Hibiscus","كركديه","Hibiscus for preparing a tart, deep-coloured hot or chilled infusion. Available catalogue size: 100 g.","كركديه — تُراجع العبوة للتأكد من نوع النبات وطريقة تحضيره واستعماله بأمان. الأحجام المتاحة: 100 غ.","Hibiscus — Vérifiez l'identification de la plante et son mode d'emploi avant toute préparation. Formats proposés : 100 g.","AR_FR_NATIVE_REVIEW","GitHub base catalogue names/pack sizes, no label verification","DRAFT_NOT_PUBLISHED"
"khaltet-el-manaa","Herbs","Immunity Herbal Blend","خلطة ال مناعة","A herbal mix marketed as an immunity blend; its ingredients and claims need verification. Available catalogue sizes: 100 g / 200 g.","خلطة ال مناعة — تُراجع العبوة للتأكد من نوع النبات وطريقة تحضيره واستعماله بأمان. الأحجام المتاحة: 100 غ / 200 غ.","Immunity Herbal Blend — Vérifiez l'identification de la plante et son mode d'emploi avant toute préparation. Formats proposés : 100 g / 200 g.","VERIFY_PRODUCT_IDENTITY_OR_LABEL;AR_FR_NATIVE_REVIEW","GitHub base catalogue names/pack sizes, no label verification","DRAFT_NOT_PUBLISHED"
"khaltet-el-unoutha","Herbs","Women's Herbal Blend","خلطة ال أنوثة","A herbal mix labelled as a women's blend; check ingredients and suitability before use. Available catalogue size: 100 g.","خلطة ال أنوثة — تُراجع العبوة للتأكد من نوع النبات وطريقة تحضيره واستعماله بأمان. الأحجام المتاحة: 100 غ.","Women's Herbal Blend — Vérifiez l'identification de la plante et son mode d'emploi avant toute préparation. Formats proposés : 100 g.","VERIFY_PRODUCT_IDENTITY_OR_LABEL;AR_FR_NATIVE_REVIEW","GitHub base catalogue names/pack sizes, no label verification","DRAFT_NOT_PUBLISHED"
"mardakoush","Herbs","Marjoram","مردقوش","Marjoram for seasoning vegetables, legumes and savoury dishes. Available catalogue size: 100 g.","مردقوش — تُراجع العبوة للتأكد من نوع النبات وطريقة تحضيره واستعماله بأمان. الأحجام المتاحة: 100 غ.","Marjoram — Vérifiez l'identification de la plante et son mode d'emploi avant toute préparation. Formats proposés : 100 g.","AR_FR_NATIVE_REVIEW","GitHub base catalogue names/pack sizes, no label verification","DRAFT_NOT_PUBLISHED"
"molokhiya","Herbs","Dried Molokhia","ملوخية","Dried molokhia leaves for making molokhia soup and traditional dishes. Available catalogue size: 200 g.","ملوخية — تُراجع العبوة للتأكد من نوع النبات وطريقة تحضيره واستعماله بأمان. الأحجام المتاحة: 200 غ.","Dried Molokhia — Vérifiez l'identification de la plante et son mode d'emploi avant toute préparation. Formats proposés : 200 g.","AR_FR_NATIVE_REVIEW","GitHub base catalogue names/pack sizes, no label verification","DRAFT_NOT_PUBLISHED"
"moringa-tea","Herbs","Moringa Tea","مورينغا شاي","Moringa tea for a brewed herbal drink; follow the packet's brewing instructions. Available catalogue size: 100 g.","شاي المورينغا — تُراجع العبوة للتأكد من نوع النبات وطريقة تحضيره واستعماله بأمان. الأحجام المتاحة: 100 غ.","Moringa Tea — Vérifiez l'identification de la plante et son mode d'emploi avant toute préparation. Formats proposés : 100 g.","AR_FR_NATIVE_REVIEW","GitHub base catalogue names/pack sizes, no label verification","DRAFT_NOT_PUBLISHED"
"naanaa-yebes","Herbs","Dried Mint","نعناع يابس","Dried mint for tea, yoghurt sauces and savoury garnishes. Available catalogue size: 100 g.","نعناع يابس — تُراجع العبوة للتأكد من نوع النبات وطريقة تحضيره واستعماله بأمان. الأحجام المتاحة: 100 غ.","Dried Mint — Vérifiez l'identification de la plante et son mode d'emploi avant toute préparation. Formats proposés : 100 g.","AR_FR_NATIVE_REVIEW","GitHub base catalogue names/pack sizes, no label verification","DRAFT_NOT_PUBLISHED"
"oregano","Herbs","Oregano","أوريغانو","Oregano for tomato sauces, pizza toppings and herb blends. Available catalogue size: 100 g.","أوريغانو — تُراجع العبوة للتأكد من نوع النبات وطريقة تحضيره واستعماله بأمان. الأحجام المتاحة: 100 غ.","Oregano — Vérifiez l'identification de la plante et son mode d'emploi avant toute préparation. Formats proposés : 100 g.","AR_FR_NATIVE_REVIEW","GitHub base catalogue names/pack sizes, no label verification","DRAFT_NOT_PUBLISHED"
"oshrok","Herbs","Oshrok Herb","أشرق","Oshrok herb listed under a traditional name; confirm the botanical identity before use. Available catalogue size: 100 g.","أشرق — تُراجع العبوة للتأكد من نوع النبات وطريقة تحضيره واستعماله بأمان. الأحجام المتاحة: 100 غ.","Oshrok Herb — Vérifiez l'identification de la plante et son mode d'emploi avant toute préparation. Formats proposés : 100 g.","VERIFY_PRODUCT_IDENTITY_OR_LABEL;AR_FR_NATIVE_REVIEW","GitHub base catalogue names/pack sizes, no label verification","DRAFT_NOT_PUBLISHED"
"salamki","Herbs","Senna","سنامكي","Senna herb; consult a qualified professional and the label before any use. Available catalogue size: 100 g.","سنامكي — تُراجع العبوة للتأكد من نوع النبات وطريقة تحضيره واستعماله بأمان. الأحجام المتاحة: 100 غ.","Senna — Vérifiez l'identification de la plante et son mode d'emploi avant toute préparation. Formats proposés : 100 g.","VERIFY_PRODUCT_IDENTITY_OR_LABEL;AR_FR_NATIVE_REVIEW","GitHub base catalogue names/pack sizes, no label verification","DRAFT_NOT_PUBLISHED"
"sheeh","Herbs","Wormwood","شيح","Wormwood herb; identity, suitability and safety information must be confirmed before use. Available catalogue size: 100 g.","شيح — تُراجع العبوة للتأكد من نوع النبات وطريقة تحضيره واستعماله بأمان. الأحجام المتاحة: 100 غ.","Wormwood — Vérifiez l'identification de la plante et son mode d'emploi avant toute préparation. Formats proposés : 100 g.","VERIFY_PRODUCT_IDENTITY_OR_LABEL;AR_FR_NATIVE_REVIEW","GitHub base catalogue names/pack sizes, no label verification","DRAFT_NOT_PUBLISHED"
"silani-tea","Herbs","Ceylon Tea","سيالني شاي","Ceylon tea for a brewed black-tea-style cup; verify the exact tea blend on the package. Available catalogue size: 250 g.","سيالني شاي — تُراجع العبوة للتأكد من نوع النبات وطريقة تحضيره واستعماله بأمان. الأحجام المتاحة: 250 غ.","Ceylon Tea — Vérifiez l'identification de la plante et son mode d'emploi avant toute préparation. Formats proposés : 250 g.","AR_FR_NATIVE_REVIEW","GitHub base catalogue names/pack sizes, no label verification","DRAFT_NOT_PUBLISHED"
"waraq-ghar","Herbs","Bay Leaves","ورق غار","Bay leaves for flavouring soups, stews and slow-cooked sauces; remove before serving. Available catalogue size: 100 g.","ورق غار — تُراجع العبوة للتأكد من نوع النبات وطريقة تحضيره واستعماله بأمان. الأحجام المتاحة: 100 غ.","Bay Leaves — Vérifiez l'identification de la plante et son mode d'emploi avant toute préparation. Formats proposés : 100 g.","AR_FR_NATIVE_REVIEW","GitHub base catalogue names/pack sizes, no label verification","DRAFT_NOT_PUBLISHED"
"zhourat","Herbs","Mixed Herbal Infusion","زهورات","A mixed herbal infusion for brewing a traditional Lebanese-style cup; contents vary by blend. Available catalogue sizes: 100 g / 200 g.","زهورات — تُراجع العبوة للتأكد من نوع النبات وطريقة تحضيره واستعماله بأمان. الأحجام المتاحة: 100 غ / 200 غ.","Mixed Herbal Infusion — Vérifiez l'identification de la plante et son mode d'emploi avant toute préparation. Formats proposés : 100 g / 200 g.","AR_FR_NATIVE_REVIEW","GitHub base catalogue names/pack sizes, no label verification","DRAFT_NOT_PUBLISHED"
"zoufah","Herbs","Hyssop","زوفا","Hyssop herb; check botanical identity and handling instructions before use. Available catalogue size: 100 g.","زوفا — تُراجع العبوة للتأكد من نوع النبات وطريقة تحضيره واستعماله بأمان. الأحجام المتاحة: 100 غ.","Hyssop — Vérifiez l'identification de la plante et son mode d'emploi avant toute préparation. Formats proposés : 100 g.","VERIFY_PRODUCT_IDENTITY_OR_LABEL;AR_FR_NATIVE_REVIEW","GitHub base catalogue names/pack sizes, no label verification","DRAFT_NOT_PUBLISHED"
"zayt-w-mouneh-white-honey-blend","Honey","Zayt w Mouneh White Honey Blend","""زيت و مونة"" أبيض عسل خلطة","Zayt w Mouneh's white honey blend for spreading and serving with breakfast. Available catalogue size: 30 g.","""زيت و مونة"" أبيض عسل خلطة — من تشكيلة العسل ومنتجات النحل؛ تُراجع العبوة لمعرفة التركيبة ومسبّبات الحساسية. الأحجام المتاحة: 30 غ.","Zayt w Mouneh White Honey Blend — Une référence de la sélection de miels et produits de la ruche ; vérifiez sa composition et ses allergènes. Formats proposés : 30 g.","VERIFY_ALLERGENS_AND_INGREDIENTS;AR_FR_NATIVE_REVIEW","GitHub base catalogue names/pack sizes, no label verification","DRAFT_NOT_PUBLISHED"
"aasal-bshahdo","Honey","Honey with Honeycomb","عسل بشهده","Honey with honeycomb for a breakfast board or dessert presentation. Available catalogue size: 500 g.","عسل بشهده — من تشكيلة العسل ومنتجات النحل؛ تُراجع العبوة لمعرفة التركيبة ومسبّبات الحساسية. الأحجام المتاحة: 500 غ.","Honey with Honeycomb — Une référence de la sélection de miels et produits de la ruche ; vérifiez sa composition et ses allergènes. Formats proposés : 500 g.","VERIFY_ALLERGENS_AND_INGREDIENTS;AR_FR_NATIVE_REVIEW","GitHub base catalogue names/pack sizes, no label verification","DRAFT_NOT_PUBLISHED"
"avocado-orange-blossom-honey","Honey","Avocado & Orange Blossom Honey","أفوكادو & برتقال زهر عسل","Honey listed as an avocado and orange blossom variety, for serving with toast or yoghurt. Available catalogue sizes: 500 g / 900 g.","أفوكادو & برتقال زهر عسل — من تشكيلة العسل ومنتجات النحل؛ تُراجع العبوة لمعرفة التركيبة ومسبّبات الحساسية. الأحجام المتاحة: 500 غ / 900 غ.","Avocado & Orange Blossom Honey — Une référence de la sélection de miels et produits de la ruche ; vérifiez sa composition et ses allergènes. Formats proposés : 500 g / 900 g.","VERIFY_ALLERGENS_AND_INGREDIENTS;AR_FR_NATIVE_REVIEW","GitHub base catalogue names/pack sizes, no label verification","DRAFT_NOT_PUBLISHED"
"bee-pollen","Honey","Bee Pollen","حبوب لقاح النحل","Bee pollen granules for customers already familiar with the product; check allergen advice and intended use. Available catalogue size: 500 g.","حبوب لقاح النحل — من تشكيلة العسل ومنتجات النحل؛ تُراجع العبوة لمعرفة التركيبة ومسبّبات الحساسية. الأحجام المتاحة: 500 غ.","Bee Pollen — Une référence de la sélection de miels et produits de la ruche ; vérifiez sa composition et ses allergènes. Formats proposés : 500 g.","VERIFY_PRODUCT_IDENTITY_OR_LABEL;VERIFY_ALLERGENS_AND_INGREDIENTS;AR_FR_NATIVE_REVIEW","GitHub base catalogue names/pack sizes, no label verification","DRAFT_NOT_PUBLISHED"
"cedar-honey","Honey","Cedar Honey","أرز عسل","Cedar honey variety for pairing with bread, yoghurt or cheese. Available catalogue sizes: 500 g / 900 g.","أرز عسل — من تشكيلة العسل ومنتجات النحل؛ تُراجع العبوة لمعرفة التركيبة ومسبّبات الحساسية. الأحجام المتاحة: 500 غ / 900 غ.","Cedar Honey — Une référence de la sélection de miels et produits de la ruche ; vérifiez sa composition et ses allergènes. Formats proposés : 500 g / 900 g.","VERIFY_ALLERGENS_AND_INGREDIENTS;AR_FR_NATIVE_REVIEW","GitHub base catalogue names/pack sizes, no label verification","DRAFT_NOT_PUBLISHED"
"flower-honey","Honey","Flower Honey","زهور عسل","Flower honey for sweetening warm drinks and serving with breakfast. Available catalogue sizes: 500 g / 900 g.","زهور عسل — من تشكيلة العسل ومنتجات النحل؛ تُراجع العبوة لمعرفة التركيبة ومسبّبات الحساسية. الأحجام المتاحة: 500 غ / 900 غ.","Flower Honey — Une référence de la sélection de miels et produits de la ruche ; vérifiez sa composition et ses allergènes. Formats proposés : 500 g / 900 g.","VERIFY_ALLERGENS_AND_INGREDIENTS;AR_FR_NATIVE_REVIEW","GitHub base catalogue names/pack sizes, no label verification","DRAFT_NOT_PUBLISHED"
"immune-boosting-honey-blend","Honey","Immune Boosting Honey Blend","مناعة تعزيز عسل خلطة","Honey blend marketed under an immunity-related name; ingredients and health claims require verification. Available catalogue sizes: 500 g / 900 g.","مناعة تعزيز عسل خلطة — من تشكيلة العسل ومنتجات النحل؛ تُراجع العبوة لمعرفة التركيبة ومسبّبات الحساسية. الأحجام المتاحة: 500 غ / 900 غ.","Immune Boosting Honey Blend — Une référence de la sélection de miels et produits de la ruche ; vérifiez sa composition et ses allergènes. Formats proposés : 500 g / 900 g.","VERIFY_PRODUCT_IDENTITY_OR_LABEL;VERIFY_ALLERGENS_AND_INGREDIENTS;AR_FR_NATIVE_REVIEW","GitHub base catalogue names/pack sizes, no label verification","DRAFT_NOT_PUBLISHED"
"lokmet-el-nahel","Honey","Bee Bite","لقمة ال النحل","Bee Bite specialty in the honey selection; confirm the exact product contents before describing it further. Check the package for the available format.","لقمة ال النحل — من تشكيلة العسل ومنتجات النحل؛ تُراجع العبوة لمعرفة التركيبة ومسبّبات الحساسية. يُرجى التحقق من حجم العبوة.","Bee Bite — Une référence de la sélection de miels et produits de la ruche ; vérifiez sa composition et ses allergènes. Vérifiez le format sur l'emballage.","VERIFY_PRODUCT_IDENTITY_OR_LABEL;VERIFY_ALLERGENS_AND_INGREDIENTS;AR_FR_NATIVE_REVIEW","GitHub base catalogue names/pack sizes, no label verification","DRAFT_NOT_PUBLISHED"
"mounet-el-nahel-honey-blend","Honey","Mounet El Nahel Honey Blend","مونة ال النحل عسل خلطة","Mounet El Nahel honey blend for toast and breakfast servings; ingredient proportions are not confirmed. Available catalogue size: 500 g.","مونة ال النحل عسل خلطة — من تشكيلة العسل ومنتجات النحل؛ تُراجع العبوة لمعرفة التركيبة ومسبّبات الحساسية. الأحجام المتاحة: 500 غ.","Mounet El Nahel Honey Blend — Une référence de la sélection de miels et produits de la ruche ; vérifiez sa composition et ses allergènes. Formats proposés : 500 g.","VERIFY_ALLERGENS_AND_INGREDIENTS;AR_FR_NATIVE_REVIEW","GitHub base catalogue names/pack sizes, no label verification","DRAFT_NOT_PUBLISHED"
"oak-honey","Honey","Oak Honey","سنديان عسل","Oak honey variety for cheese boards and breakfasts. Available catalogue sizes: 500 g / 900 g.","سنديان عسل — من تشكيلة العسل ومنتجات النحل؛ تُراجع العبوة لمعرفة التركيبة ومسبّبات الحساسية. الأحجام المتاحة: 500 غ / 900 غ.","Oak Honey — Une référence de la sélection de miels et produits de la ruche ; vérifiez sa composition et ses allergènes. Formats proposés : 500 g / 900 g.","VERIFY_ALLERGENS_AND_INGREDIENTS;AR_FR_NATIVE_REVIEW","GitHub base catalogue names/pack sizes, no label verification","DRAFT_NOT_PUBLISHED"
"proplis-with-ethanol","Honey","Propolis with Ethanol","بروبوليس مع إيثانول","Propolis with ethanol; consult product labelling for concentration, intended use and precautions. Available catalogue size: 30 ml.","بروبوليس مع إيثانول — من تشكيلة العسل ومنتجات النحل؛ تُراجع العبوة لمعرفة التركيبة ومسبّبات الحساسية. الأحجام المتاحة: 30 مل.","Propolis with Ethanol — Une référence de la sélection de miels et produits de la ruche ; vérifiez sa composition et ses allergènes. Formats proposés : 30 ml.","VERIFY_PRODUCT_IDENTITY_OR_LABEL;VERIFY_ALLERGENS_AND_INGREDIENTS;AR_FR_NATIVE_REVIEW","GitHub base catalogue names/pack sizes, no label verification","DRAFT_NOT_PUBLISHED"
"propolis-with-olive-oil","Honey","Propolis with Olive Oil","بروبوليس مع زيتون زيت","Propolis with olive oil; check the bottle for concentration and intended application. Available catalogue size: 30 ml.","بروبوليس مع زيتون زيت — من تشكيلة العسل ومنتجات النحل؛ تُراجع العبوة لمعرفة التركيبة ومسبّبات الحساسية. الأحجام المتاحة: 30 مل.","Propolis with Olive Oil — Une référence de la sélection de miels et produits de la ruche ; vérifiez sa composition et ses allergènes. Formats proposés : 30 ml.","VERIFY_PRODUCT_IDENTITY_OR_LABEL;VERIFY_ALLERGENS_AND_INGREDIENTS;AR_FR_NATIVE_REVIEW","GitHub base catalogue names/pack sizes, no label verification","DRAFT_NOT_PUBLISHED"
"raw-proplis","Honey","Raw Propolis","نيء بروبوليس","Raw propolis, requiring confirmed handling and usage instructions before consumption or application. Check the package for the available format.","نيء بروبوليس — من تشكيلة العسل ومنتجات النحل؛ تُراجع العبوة لمعرفة التركيبة ومسبّبات الحساسية. يُرجى التحقق من حجم العبوة.","Raw Propolis — Une référence de la sélection de miels et produits de la ruche ; vérifiez sa composition et ses allergènes. Vérifiez le format sur l'emballage.","VERIFY_PRODUCT_IDENTITY_OR_LABEL;VERIFY_ALLERGENS_AND_INGREDIENTS;AR_FR_NATIVE_REVIEW","GitHub base catalogue names/pack sizes, no label verification","DRAFT_NOT_PUBLISHED"
"white-honey-blend","Honey","White Honey Blend","أبيض عسل خلطة","White honey blend for serving with breakfast or desserts. Available catalogue sizes: 500 g / 900 g.","أبيض عسل خلطة — من تشكيلة العسل ومنتجات النحل؛ تُراجع العبوة لمعرفة التركيبة ومسبّبات الحساسية. الأحجام المتاحة: 500 غ / 900 غ.","White Honey Blend — Une référence de la sélection de miels et produits de la ruche ; vérifiez sa composition et ses allergènes. Formats proposés : 500 g / 900 g.","VERIFY_ALLERGENS_AND_INGREDIENTS;AR_FR_NATIVE_REVIEW","GitHub base catalogue names/pack sizes, no label verification","DRAFT_NOT_PUBLISHED"
"wild-thistle-honey","Honey","Wild Thistle Honey","بري شوك عسل","Wild thistle honey variety for serving with toast or yoghurt. Available catalogue sizes: 500 g / 900 g.","بري شوك عسل — من تشكيلة العسل ومنتجات النحل؛ تُراجع العبوة لمعرفة التركيبة ومسبّبات الحساسية. الأحجام المتاحة: 500 غ / 900 غ.","Wild Thistle Honey — Une référence de la sélection de miels et produits de la ruche ; vérifiez sa composition et ses allergènes. Formats proposés : 500 g / 900 g.","VERIFY_ALLERGENS_AND_INGREDIENTS;AR_FR_NATIVE_REVIEW","GitHub base catalogue names/pack sizes, no label verification","DRAFT_NOT_PUBLISHED"
"debes-el-enab","Molasses","Grape Molasses","دبس ال عنب","Grape molasses for drizzling over tahini, spreading on bread or using in desserts. Available catalogue size: 1 kg.","دبس ال عنب — ملائم للصلصات أو الحلويات أو المقبلات بحسب مذاقه وطبيعة الدبس. الأحجام المتاحة: 1 كغ.","Mélasse de raisin — Pour accompagner des sauces, des plats ou des desserts selon la variété. Formats proposés : 1 kg.","AR_FR_NATIVE_REVIEW","GitHub base catalogue names/pack sizes, no label verification","DRAFT_NOT_PUBLISHED"
"debes-el-remen","Molasses","Pomegranate Molasses","دبس ال رمان","Pomegranate molasses for salad dressings, marinades and the tangy finish of savoury dishes. Available catalogue size: 500 ml.","دبس الرمان — ملائم للصلصات أو الحلويات أو المقبلات بحسب مذاقه وطبيعة الدبس. الأحجام المتاحة: 500 مل.","Mélasse de grenade — Pour accompagner des sauces, des plats ou des desserts selon la variété. Formats proposés : 500 ml.","AR_FR_NATIVE_REVIEW","GitHub base catalogue names/pack sizes, no label verification","DRAFT_NOT_PUBLISHED"
"bandoura-mujafafeh","Mouneh","Sun-Dried Tomatoes","بندورة مجففة","Bandoura mujafafeh, sun-dried tomatoes for mezze platters and savoury cooking. Available catalogue size: 300 g.","بندورة مجففة — من تشكيلة المونة التقليدية، ويُقدَّم مع الفطور أو المقبلات أو الوصفات المناسبة لنوعه. الأحجام المتاحة: 300 غ.","Sun-Dried Tomatoes — Une spécialité de mouneh à servir au petit déjeuner, en mezzé ou dans des recettes adaptées. Formats proposés : 300 g.","AR_FR_NATIVE_REVIEW","GitHub base catalogue names/pack sizes, no label verification","DRAFT_NOT_PUBLISHED"
"bemye-yebse","Mouneh","Dried Okra","بامية يابسة","Dried okra for rehydrating and adding to stews. Available catalogue size: 200 g.","بامية يابسة — من تشكيلة المونة التقليدية، ويُقدَّم مع الفطور أو المقبلات أو الوصفات المناسبة لنوعه. الأحجام المتاحة: 200 غ.","Dried Okra — Une spécialité de mouneh à servir au petit déjeuner, en mezzé ou dans des recettes adaptées. Formats proposés : 200 g.","AR_FR_NATIVE_REVIEW","GitHub base catalogue names/pack sizes, no label verification","DRAFT_NOT_PUBLISHED"
"debes-el-fleyfleh","Mouneh","Sweet Red Pepper Paste","دبس ال فليفلة","Sweet red pepper paste for spreading, seasoning sauces or adding depth to savoury dishes. Available catalogue size: 360 g.","دبس ال فليفلة — من تشكيلة المونة التقليدية، ويُقدَّم مع الفطور أو المقبلات أو الوصفات المناسبة لنوعه. الأحجام المتاحة: 360 غ.","Sweet Red Pepper Paste — Une spécialité de mouneh à servir au petit déjeuner, en mezzé ou dans des recettes adaptées. Formats proposés : 360 g.","AR_FR_NATIVE_REVIEW","GitHub base catalogue names/pack sizes, no label verification","DRAFT_NOT_PUBLISHED"
"debes-el-fleyfleh-har","Mouneh","Spicy Red Pepper Paste","دبس ال فليفلة حار","Hot red pepper paste for customers who prefer a spicier addition to sauces and mezze. Available catalogue size: 360 g.","دبس ال فليفلة حار — من تشكيلة المونة التقليدية، ويُقدَّم مع الفطور أو المقبلات أو الوصفات المناسبة لنوعه. الأحجام المتاحة: 360 غ.","Spicy Red Pepper Paste — Une spécialité de mouneh à servir au petit déjeuner, en mezzé ou dans des recettes adaptées. Formats proposés : 360 g.","AR_FR_NATIVE_REVIEW","GitHub base catalogue names/pack sizes, no label verification","DRAFT_NOT_PUBLISHED"
"kishek-akhdar-bil-joz","Mouneh","Green Kishk with Walnuts","كشك أخضر بال جوز","Green kishk with walnuts, a traditional dairy-based mouneh specialty to serve according to package directions. Available catalogue size: 660 g.","كشك أخضر بال جوز — من تشكيلة المونة التقليدية، ويُقدَّم مع الفطور أو المقبلات أو الوصفات المناسبة لنوعه. الأحجام المتاحة: 660 غ.","Green Kishk with Walnuts — Une spécialité de mouneh à servir au petit déjeuner, en mezzé ou dans des recettes adaptées. Formats proposés : 660 g.","AR_FR_NATIVE_REVIEW","GitHub base catalogue names/pack sizes, no label verification","DRAFT_NOT_PUBLISHED"
"kishek-bakari-beqaa","Mouneh","Cow's-Milk Kishk - Bekaa","كشك بقري البقاع","Bekaa-style cow's-milk kishk for classic kishk soup and traditional recipes. Available catalogue sizes: 1 kg / 500 g.","كشك بقري البقاع — من تشكيلة المونة التقليدية، ويُقدَّم مع الفطور أو المقبلات أو الوصفات المناسبة لنوعه. الأحجام المتاحة: 1 كغ / 500 غ.","Cow's-Milk Kishk - Bekaa — Une spécialité de mouneh à servir au petit déjeuner, en mezzé ou dans des recettes adaptées. Formats proposés : 1 kg / 500 g.","AR_FR_NATIVE_REVIEW","GitHub base catalogue names/pack sizes, no label verification","DRAFT_NOT_PUBLISHED"
"kishek-meeza-beqaa","Mouneh","Goat's-Milk Kishk - Bekaa","كشك مزية البقاع","Bekaa-style goat's-milk kishk for traditional soups and kishk dishes. Available catalogue sizes: 1 kg / 500 g.","كشك مزية البقاع — من تشكيلة المونة التقليدية، ويُقدَّم مع الفطور أو المقبلات أو الوصفات المناسبة لنوعه. الأحجام المتاحة: 1 كغ / 500 غ.","Goat's-Milk Kishk - Bekaa — Une spécialité de mouneh à servir au petit déjeuner, en mezzé ou dans des recettes adaptées. Formats proposés : 1 kg / 500 g.","AR_FR_NATIVE_REVIEW","GitHub base catalogue names/pack sizes, no label verification","DRAFT_NOT_PUBLISHED"
"kishek-zayt-w-mouneh","Mouneh","Zayt w Mouneh Kishk","كشك زيت و مونة","Zayt w Mouneh kishk for preparing classic kishk recipes. Available catalogue sizes: 1 kg / 500 g.","كشك زيت و مونة — من تشكيلة المونة التقليدية، ويُقدَّم مع الفطور أو المقبلات أو الوصفات المناسبة لنوعه. الأحجام المتاحة: 1 كغ / 500 غ.","Zayt w Mouneh Kishk — Une spécialité de mouneh à servir au petit déjeuner, en mezzé ou dans des recettes adaptées. Formats proposés : 1 kg / 500 g.","AR_FR_NATIVE_REVIEW","GitHub base catalogue names/pack sizes, no label verification","DRAFT_NOT_PUBLISHED"
"labneh-mkaazleh-habet-barakeh","Mouneh","Labneh Balls with Nigella Seeds","لبنة مكازلة حبة بركة","Labneh balls with nigella seeds for mezze platters and breakfast tables. Available catalogue sizes: 360 g / 660 g.","لبنة مكازلة حبة بركة — من تشكيلة المونة التقليدية، ويُقدَّم مع الفطور أو المقبلات أو الوصفات المناسبة لنوعه. الأحجام المتاحة: 360 غ / 660 غ.","Labneh Balls with Nigella Seeds — Une spécialité de mouneh à servir au petit déjeuner, en mezzé ou dans des recettes adaptées. Formats proposés : 360 g / 660 g.","AR_FR_NATIVE_REVIEW","GitHub base catalogue names/pack sizes, no label verification","DRAFT_NOT_PUBLISHED"
"labneh-mkaazleh-har","Mouneh","Spicy Labneh Balls","لبنة مكازلة حار","Spicy labneh balls for serving with vegetables, bread and mezze. Available catalogue sizes: 360 g / 660 g.","لبنة مكازلة حار — من تشكيلة المونة التقليدية، ويُقدَّم مع الفطور أو المقبلات أو الوصفات المناسبة لنوعه. الأحجام المتاحة: 360 غ / 660 غ.","Spicy Labneh Balls — Une spécialité de mouneh à servir au petit déjeuner, en mezzé ou dans des recettes adaptées. Formats proposés : 360 g / 660 g.","AR_FR_NATIVE_REVIEW","GitHub base catalogue names/pack sizes, no label verification","DRAFT_NOT_PUBLISHED"
"labneh-mkaazleh-naanaa","Mouneh","Labneh Balls with Mint","لبنة مكازلة نعناع","Mint-flavoured labneh balls for breakfast or mezze. Available catalogue sizes: 360 g / 660 g.","لبنة مكازلة نعناع — من تشكيلة المونة التقليدية، ويُقدَّم مع الفطور أو المقبلات أو الوصفات المناسبة لنوعه. الأحجام المتاحة: 360 غ / 660 غ.","Labneh Balls with Mint — Une spécialité de mouneh à servir au petit déjeuner, en mezzé ou dans des recettes adaptées. Formats proposés : 360 g / 660 g.","AR_FR_NATIVE_REVIEW","GitHub base catalogue names/pack sizes, no label verification","DRAFT_NOT_PUBLISHED"
"labneh-mkaazleh-seda","Mouneh","Plain Labneh Balls","لبنة مكازلة سادة","Plain labneh balls for spreading on bread or serving with olive oil. Available catalogue sizes: 1 kg / 360 g / 660 g.","لبنة مكازلة سادة — من تشكيلة المونة التقليدية، ويُقدَّم مع الفطور أو المقبلات أو الوصفات المناسبة لنوعه. الأحجام المتاحة: 1 كغ / 360 غ / 660 غ.","Plain Labneh Balls — Une spécialité de mouneh à servir au petit déjeuner, en mezzé ou dans des recettes adaptées. Formats proposés : 1 kg / 360 g / 660 g.","AR_FR_NATIVE_REVIEW","GitHub base catalogue names/pack sizes, no label verification","DRAFT_NOT_PUBLISHED"
"labneh-mkaazleh-zaatar","Mouneh","Labneh Balls with Za’atar","لبنة مكازلة زعرت","Labneh balls with za'atar for a herb-forward mezze plate. Available catalogue sizes: 360 g / 660 g.","لبنة مكازلة زعرت — من تشكيلة المونة التقليدية، ويُقدَّم مع الفطور أو المقبلات أو الوصفات المناسبة لنوعه. الأحجام المتاحة: 360 غ / 660 غ.","Labneh Balls with Za’atar — Une spécialité de mouneh à servir au petit déjeuner, en mezzé ou dans des recettes adaptées. Formats proposés : 360 g / 660 g.","AR_FR_NATIVE_REVIEW","GitHub base catalogue names/pack sizes, no label verification","DRAFT_NOT_PUBLISHED"
"makdous-el-beqaa-har","Mouneh","Spicy Bekaa Makdous","مكدوس ال البقاع حار","Spicy Bekaa-style makdous for mezze, sandwiches and savoury breakfasts. Available catalogue size: 660 g.","مكدوس ال البقاع حار — من تشكيلة المونة التقليدية، ويُقدَّم مع الفطور أو المقبلات أو الوصفات المناسبة لنوعه. الأحجام المتاحة: 660 غ.","Spicy Bekaa Makdous — Une spécialité de mouneh à servir au petit déjeuner, en mezzé ou dans des recettes adaptées. Formats proposés : 660 g.","AR_FR_NATIVE_REVIEW","GitHub base catalogue names/pack sizes, no label verification","DRAFT_NOT_PUBLISHED"
"makdous-el-beqaa-seda","Mouneh","Plain Bekaa Makdous","مكدوس ال البقاع سادة","Classic Bekaa-style makdous for enjoying with bread and olive oil. Available catalogue size: 660 g.","مكدوس ال البقاع سادة — من تشكيلة المونة التقليدية، ويُقدَّم مع الفطور أو المقبلات أو الوصفات المناسبة لنوعه. الأحجام المتاحة: 660 غ.","Plain Bekaa Makdous — Une spécialité de mouneh à servir au petit déjeuner, en mezzé ou dans des recettes adaptées. Formats proposés : 660 g.","AR_FR_NATIVE_REVIEW","GitHub base catalogue names/pack sizes, no label verification","DRAFT_NOT_PUBLISHED"
"makdous-el-loz","Mouneh","Almond Makdous","مكدوس ال لوز","Almond makdous, a specialty to serve with traditional mezze; confirm stuffing ingredients on the label. Available catalogue size: 400 g.","مكدوس ال لوز — من تشكيلة المونة التقليدية، ويُقدَّم مع الفطور أو المقبلات أو الوصفات المناسبة لنوعه. الأحجام المتاحة: 400 غ.","Almond Makdous — Une spécialité de mouneh à servir au petit déjeuner, en mezzé ou dans des recettes adaptées. Formats proposés : 400 g.","AR_FR_NATIVE_REVIEW","GitHub base catalogue names/pack sizes, no label verification","DRAFT_NOT_PUBLISHED"
"maraba-el-meshmosh","Mouneh","Apricot Jam","مربى ال مشمش","Apricot jam for spreading over toast, pastry fillings and breakfast plates. Available catalogue size: 400 g.","مربى ال مشمش — من تشكيلة المونة التقليدية، ويُقدَّم مع الفطور أو المقبلات أو الوصفات المناسبة لنوعه. الأحجام المتاحة: 400 غ.","Apricot Jam — Une spécialité de mouneh à servir au petit déjeuner, en mezzé ou dans des recettes adaptées. Formats proposés : 400 g.","AR_FR_NATIVE_REVIEW","GitHub base catalogue names/pack sizes, no label verification","DRAFT_NOT_PUBLISHED"
"mraba-el-fraise","Mouneh","Strawberry Jam","مربى ال فراولة","Strawberry jam for breakfast bread, pastries and simple desserts. Available catalogue size: 800 g.","مربى ال فراولة — من تشكيلة المونة التقليدية، ويُقدَّم مع الفطور أو المقبلات أو الوصفات المناسبة لنوعه. الأحجام المتاحة: 800 غ.","Strawberry Jam — Une spécialité de mouneh à servir au petit déjeuner, en mezzé ou dans des recettes adaptées. Formats proposés : 800 g.","AR_FR_NATIVE_REVIEW","GitHub base catalogue names/pack sizes, no label verification","DRAFT_NOT_PUBLISHED"
"mraba-el-karaz","Mouneh","Cherry Jam","مربى ال كرز","Cherry jam for spreading or pairing with yoghurt and cakes. Available catalogue size: 800 g.","مربى ال كرز — من تشكيلة المونة التقليدية، ويُقدَّم مع الفطور أو المقبلات أو الوصفات المناسبة لنوعه. الأحجام المتاحة: 800 غ.","Cherry Jam — Une spécialité de mouneh à servir au petit déjeuner, en mezzé ou dans des recettes adaptées. Formats proposés : 800 g.","AR_FR_NATIVE_REVIEW","GitHub base catalogue names/pack sizes, no label verification","DRAFT_NOT_PUBLISHED"
"mraba-el-tin-mamrout","Mouneh","Mamrout Fig Jam","مربى ال تني ممرود","Mamrout-style fig jam for breakfast and dessert spreads. Available catalogue size: 800 g.","مربى ال تني ممرود — من تشكيلة المونة التقليدية، ويُقدَّم مع الفطور أو المقبلات أو الوصفات المناسبة لنوعه. الأحجام المتاحة: 800 غ.","Mamrout Fig Jam — Une spécialité de mouneh à servir au petit déjeuner, en mezzé ou dans des recettes adaptées. Formats proposés : 800 g.","AR_FR_NATIVE_REVIEW","GitHub base catalogue names/pack sizes, no label verification","DRAFT_NOT_PUBLISHED"
"mraba-el-tin-yebes","Mouneh","Dried Fig Jam","مربى ال تني يابس","Dried fig jam for toast, cheese boards and pastries. Available catalogue size: 800 g.","مربى ال تني يابس — من تشكيلة المونة التقليدية، ويُقدَّم مع الفطور أو المقبلات أو الوصفات المناسبة لنوعه. الأحجام المتاحة: 800 غ.","Dried Fig Jam — Une spécialité de mouneh à servir au petit déjeuner, en mezzé ou dans des recettes adaptées. Formats proposés : 800 g.","AR_FR_NATIVE_REVIEW","GitHub base catalogue names/pack sizes, no label verification","DRAFT_NOT_PUBLISHED"
"mraba-el-tout","Mouneh","Mulberry Jam","مربى ال توت","Mulberry jam for spreading over bread and filling pastries. Available catalogue size: 800 g.","مربى ال توت — من تشكيلة المونة التقليدية، ويُقدَّم مع الفطور أو المقبلات أو الوصفات المناسبة لنوعه. الأحجام المتاحة: 800 غ.","Mulberry Jam — Une spécialité de mouneh à servir au petit déjeuner, en mezzé ou dans des recettes adaptées. Formats proposés : 800 g.","AR_FR_NATIVE_REVIEW","GitHub base catalogue names/pack sizes, no label verification","DRAFT_NOT_PUBLISHED"
"mraba-el-ward","Mouneh","Rose Jam","مربى ال ورد","Rose jam for a floral breakfast spread or serving alongside desserts. Available catalogue size: 450 g.","مربى ال ورد — من تشكيلة المونة التقليدية، ويُقدَّم مع الفطور أو المقبلات أو الوصفات المناسبة لنوعه. الأحجام المتاحة: 450 غ.","Rose Jam — Une spécialité de mouneh à servir au petit déjeuner, en mezzé ou dans des recettes adaptées. Formats proposés : 450 g.","AR_FR_NATIVE_REVIEW","GitHub base catalogue names/pack sizes, no label verification","DRAFT_NOT_PUBLISHED"
"mraba-el-yaqtin","Mouneh","Pumpkin Jam","مربى ال يقطني","Pumpkin jam for toast and traditional sweet accompaniments. Available catalogue size: 800 g.","مربى ال يقطني — من تشكيلة المونة التقليدية، ويُقدَّم مع الفطور أو المقبلات أو الوصفات المناسبة لنوعه. الأحجام المتاحة: 800 غ.","Pumpkin Jam — Une spécialité de mouneh à servir au petit déjeuner, en mezzé ou dans des recettes adaptées. Formats proposés : 800 g.","AR_FR_NATIVE_REVIEW","GitHub base catalogue names/pack sizes, no label verification","DRAFT_NOT_PUBLISHED"
"mraba-sfarjel","Mouneh","Quince Jam","مربى سفرجل","Quince jam for breakfast, cheese boards and pastries. Available catalogue size: 400 g.","مربى سفرجل — من تشكيلة المونة التقليدية، ويُقدَّم مع الفطور أو المقبلات أو الوصفات المناسبة لنوعه. الأحجام المتاحة: 400 غ.","Quince Jam — Une spécialité de mouneh à servir au petit déjeuner, en mezzé ou dans des recettes adaptées. Formats proposés : 400 g.","AR_FR_NATIVE_REVIEW","GitHub base catalogue names/pack sizes, no label verification","DRAFT_NOT_PUBLISHED"
"qawerma","Mouneh","Qawarma Preserved Meat","قورما","Qawarma preserved meat for traditional Lebanese preparations; follow storage and cooking directions on the label. Available catalogue size: 660 g.","قورما — من تشكيلة المونة التقليدية، ويُقدَّم مع الفطور أو المقبلات أو الوصفات المناسبة لنوعه. الأحجام المتاحة: 660 غ.","Qawarma Preserved Meat — Une spécialité de mouneh à servir au petit déjeuner, en mezzé ou dans des recettes adaptées. Formats proposés : 660 g.","AR_FR_NATIVE_REVIEW","GitHub base catalogue names/pack sizes, no label verification","DRAFT_NOT_PUBLISHED"
"rub-el-bandoura","Mouneh","Tomato Paste","رب ال بندورة","Tomato paste for stews, sauces and everyday savoury cooking. Available catalogue size: 660 g.","رب ال بندورة — من تشكيلة المونة التقليدية، ويُقدَّم مع الفطور أو المقبلات أو الوصفات المناسبة لنوعه. الأحجام المتاحة: 660 غ.","Tomato Paste — Une spécialité de mouneh à servir au petit déjeuner, en mezzé ou dans des recettes adaptées. Formats proposés : 660 g.","AR_FR_NATIVE_REVIEW","GitHub base catalogue names/pack sizes, no label verification","DRAFT_NOT_PUBLISHED"
"shankleesh-bil-zaatar","Mouneh","Za’atar Shanklish","شنكليش بال زعرت","Shanklish with za'atar for crumbling into a mezze salad or serving with vegetables. Available catalogue size: 660 g.","شنكليش بال زعرت — من تشكيلة المونة التقليدية، ويُقدَّم مع الفطور أو المقبلات أو الوصفات المناسبة لنوعه. الأحجام المتاحة: 660 غ.","Za’atar Shanklish — Une spécialité de mouneh à servir au petit déjeuner, en mezzé ou dans des recettes adaptées. Formats proposés : 660 g.","AR_FR_NATIVE_REVIEW","GitHub base catalogue names/pack sizes, no label verification","DRAFT_NOT_PUBLISHED"
"shankleesh-har","Mouneh","Spicy Shanklish","شنكليش حار","Spicy shanklish for mezze plates with tomatoes and onions. Available catalogue size: 660 g.","شنكليش حار — من تشكيلة المونة التقليدية، ويُقدَّم مع الفطور أو المقبلات أو الوصفات المناسبة لنوعه. الأحجام المتاحة: 660 غ.","Spicy Shanklish — Une spécialité de mouneh à servir au petit déjeuner, en mezzé ou dans des recettes adaptées. Formats proposés : 660 g.","AR_FR_NATIVE_REVIEW","GitHub base catalogue names/pack sizes, no label verification","DRAFT_NOT_PUBLISHED"
"sugar-free-rose-jam","Mouneh","Sugar-Free Rose Jam","خالي ورد مربى-سكر","Rose jam labelled sugar-free; confirm sweeteners and nutrition details on the jar. Available catalogue size: 250 g.","خالي ورد مربى-سكر — من تشكيلة المونة التقليدية، ويُقدَّم مع الفطور أو المقبلات أو الوصفات المناسبة لنوعه. الأحجام المتاحة: 250 غ.","Sugar-Free Rose Jam — Une spécialité de mouneh à servir au petit déjeuner, en mezzé ou dans des recettes adaptées. Formats proposés : 250 g.","VERIFY_SWEETENER_LABEL;AR_FR_NATIVE_REVIEW","GitHub base catalogue names/pack sizes, no label verification","DRAFT_NOT_PUBLISHED"
"sugar-free-strawberry-jam","Mouneh","Sugar-Free Strawberry Jam","خالي فراولة مربى-سكر","Strawberry jam labelled sugar-free; check the ingredient list for the sweetener used. Available catalogue size: 250 g.","خالي فراولة مربى-سكر — من تشكيلة المونة التقليدية، ويُقدَّم مع الفطور أو المقبلات أو الوصفات المناسبة لنوعه. الأحجام المتاحة: 250 غ.","Sugar-Free Strawberry Jam — Une spécialité de mouneh à servir au petit déjeuner, en mezzé ou dans des recettes adaptées. Formats proposés : 250 g.","VERIFY_SWEETENER_LABEL;AR_FR_NATIVE_REVIEW","GitHub base catalogue names/pack sizes, no label verification","DRAFT_NOT_PUBLISHED"
"warak-enab-bil-labneh","Mouneh","Grape Leaves with Labneh","ورق عنب بال لبنة","Grape leaves with labneh for mezze; verify preparation and storage directions on the pack. Available catalogue size: 660 g.","ورق عنب بال لبنة — من تشكيلة المونة التقليدية، ويُقدَّم مع الفطور أو المقبلات أو الوصفات المناسبة لنوعه. الأحجام المتاحة: 660 غ.","Grape Leaves with Labneh — Une spécialité de mouneh à servir au petit déjeuner, en mezzé ou dans des recettes adaptées. Formats proposés : 660 g.","AR_FR_NATIVE_REVIEW","GitHub base catalogue names/pack sizes, no label verification","DRAFT_NOT_PUBLISHED"
"waraq-enab","Mouneh","Grape Leaves","ورق عنب","Grape leaves for making stuffed warak enab with rice or other fillings. Available catalogue size: 400 g.","ورق عنب — من تشكيلة المونة التقليدية، ويُقدَّم مع الفطور أو المقبلات أو الوصفات المناسبة لنوعه. الأحجام المتاحة: 400 غ.","Grape Leaves — Une spécialité de mouneh à servir au petit déjeuner, en mezzé ou dans des recettes adaptées. Formats proposés : 400 g.","AR_FR_NATIVE_REVIEW","GitHub base catalogue names/pack sizes, no label verification","DRAFT_NOT_PUBLISHED"
"waraq-enab-bel-may","Mouneh","Grape Leaves in Water","ورق عنب بال ماء","Grape leaves packed in water for traditional stuffed-leaf dishes. Available catalogue size: 500 g.","ورق عنب بال ماء — من تشكيلة المونة التقليدية، ويُقدَّم مع الفطور أو المقبلات أو الوصفات المناسبة لنوعه. الأحجام المتاحة: 500 غ.","Grape Leaves in Water — Une spécialité de mouneh à servir au petit déjeuner, en mezzé ou dans des recettes adaptées. Formats proposés : 500 g.","AR_FR_NATIVE_REVIEW","GitHub base catalogue names/pack sizes, no label verification","DRAFT_NOT_PUBLISHED"
"zaatar-baladi-extra","Mouneh","Extra Baladi Za’atar","زعرت بلدي إكسرتا","Extra baladi za'atar blend for bread with olive oil and savoury breakfast plates. Available catalogue sizes: 1 kg / 250 g / 500 g.","زعرت بلدي إكسرتا — من تشكيلة المونة التقليدية، ويُقدَّم مع الفطور أو المقبلات أو الوصفات المناسبة لنوعه. الأحجام المتاحة: 1 كغ / 250 غ / 500 غ.","Extra Baladi Za’atar — Une spécialité de mouneh à servir au petit déjeuner, en mezzé ou dans des recettes adaptées. Formats proposés : 1 kg / 250 g / 500 g.","AR_FR_NATIVE_REVIEW","GitHub base catalogue names/pack sizes, no label verification","DRAFT_NOT_PUBLISHED"
"zaatar-halabi","Mouneh","Aleppo Za’atar","زعرت حليب","Aleppo-style za'atar blend for flatbreads and savoury snacks. Available catalogue sizes: 1 kg / 250 g / 500 g.","زعرت حليب — من تشكيلة المونة التقليدية، ويُقدَّم مع الفطور أو المقبلات أو الوصفات المناسبة لنوعه. الأحجام المتاحة: 1 كغ / 250 غ / 500 غ.","Aleppo Za’atar — Une spécialité de mouneh à servir au petit déjeuner, en mezzé ou dans des recettes adaptées. Formats proposés : 1 kg / 250 g / 500 g.","AR_FR_NATIVE_REVIEW","GitHub base catalogue names/pack sizes, no label verification","DRAFT_NOT_PUBLISHED"
"zaatar-jordanian-mix","Mouneh","Jordanian Za'atar Blend","زعرت أردني خلطة","Jordanian-style za'atar mix for bread, dips and marinades. Available catalogue sizes: 250 g / 500 g.","زعرت أردني خلطة — من تشكيلة المونة التقليدية، ويُقدَّم مع الفطور أو المقبلات أو الوصفات المناسبة لنوعه. الأحجام المتاحة: 250 غ / 500 غ.","Jordanian Za'atar Blend — Une spécialité de mouneh à servir au petit déjeuner, en mezzé ou dans des recettes adaptées. Formats proposés : 250 g / 500 g.","AR_FR_NATIVE_REVIEW","GitHub base catalogue names/pack sizes, no label verification","DRAFT_NOT_PUBLISHED"
"zaatar-manakish","Mouneh","Manakish Za’atar","زعرت مناقيش","Za'atar blend for making manakish with olive oil. Available catalogue sizes: 1 kg / 500 g.","زعرت مناقيش — من تشكيلة المونة التقليدية، ويُقدَّم مع الفطور أو المقبلات أو الوصفات المناسبة لنوعه. الأحجام المتاحة: 1 كغ / 500 غ.","Manakish Za’atar — Une spécialité de mouneh à servir au petit déjeuner, en mezzé ou dans des recettes adaptées. Formats proposés : 1 kg / 500 g.","AR_FR_NATIVE_REVIEW","GitHub base catalogue names/pack sizes, no label verification","DRAFT_NOT_PUBLISHED"
"zaatar-with-nuts","Mouneh","Za’atar with Nuts","زعرت مع مكسرات","Za'atar blend with nuts for dipping bread and adding crunch to mezze. Available catalogue sizes: 250 g / 500 g.","زعرت مع مكسرات — من تشكيلة المونة التقليدية، ويُقدَّم مع الفطور أو المقبلات أو الوصفات المناسبة لنوعه. الأحجام المتاحة: 250 غ / 500 غ.","Za’atar with Nuts — Une spécialité de mouneh à servir au petit déjeuner, en mezzé ou dans des recettes adaptées. Formats proposés : 250 g / 500 g.","AR_FR_NATIVE_REVIEW","GitHub base catalogue names/pack sizes, no label verification","DRAFT_NOT_PUBLISHED"
"zaatar-zahra-mathoun","Mouneh","Ground Wild Thyme Flowers","زعرت زاهرا مطحون","Ground wild thyme flowers for preparing herb mixtures and seasoning savoury dishes. Available catalogue sizes: 100 g / 250 g / 500 g.","زعرت زاهرا مطحون — من تشكيلة المونة التقليدية، ويُقدَّم مع الفطور أو المقبلات أو الوصفات المناسبة لنوعه. الأحجام المتاحة: 100 غ / 250 غ / 500 غ.","Ground Wild Thyme Flowers — Une spécialité de mouneh à servir au petit déjeuner, en mezzé ou dans des recettes adaptées. Formats proposés : 100 g / 250 g / 500 g.","AR_FR_NATIVE_REVIEW","GitHub base catalogue names/pack sizes, no label verification","DRAFT_NOT_PUBLISHED"
"bezer-al-ketan","Nuts + Seeds","Flax Seeds","بزر ال كتان","Flax seeds for sprinkling over porridge, yoghurt or homemade bread. Available catalogue size: 500 g.","بزر ال كتان — يُستخدم في التسالي أو المخبوزات أو الطبخ وفق نوع المكسّرات أو البذور. الأحجام المتاحة: 500 غ.","Flax Seeds — Pour grignoter ou agrémenter des pâtisseries et des plats selon la variété. Formats proposés : 500 g.","AR_FR_NATIVE_REVIEW","GitHub base catalogue names/pack sizes, no label verification","DRAFT_NOT_PUBLISHED"
"bezer-dwar-el-shames","Nuts + Seeds","Sunflower Seeds","بزر دوار ال الشمس","Sunflower seeds for salad toppings, baking and snack mixes. Available catalogue size: 250 g.","بزر دوار ال الشمس — يُستخدم في التسالي أو المخبوزات أو الطبخ وفق نوع المكسّرات أو البذور. الأحجام المتاحة: 250 غ.","Sunflower Seeds — Pour grignoter ou agrémenter des pâtisseries et des plats selon la variété. Formats proposés : 250 g.","AR_FR_NATIVE_REVIEW","GitHub base catalogue names/pack sizes, no label verification","DRAFT_NOT_PUBLISHED"
"bezer-el-kettan","Nuts + Seeds","Flax Seeds","بزر ال كتان","Flax seeds in a legacy duplicate listing; see the canonical flax-seed item. Available catalogue size: 200 g.","بزر ال كتان — يُستخدم في التسالي أو المخبوزات أو الطبخ وفق نوع المكسّرات أو البذور. الأحجام المتاحة: 200 غ.","Flax Seeds — Pour grignoter ou agrémenter des pâtisseries et des plats selon la variété. Formats proposés : 200 g.","ALIAS_DUPLICATE;AR_FR_NATIVE_REVIEW","GitHub base catalogue names/pack sizes, no label verification","DRAFT_NOT_PUBLISHED"
"bezer-el-yaqtin","Nuts + Seeds","Pumpkin Seeds","بزر ال يقطني","Pumpkin seeds for snacking, salad toppings and baked goods. Available catalogue sizes: 250 g / 500 g.","بزر ال يقطني — يُستخدم في التسالي أو المخبوزات أو الطبخ وفق نوع المكسّرات أو البذور. الأحجام المتاحة: 250 غ / 500 غ.","Pumpkin Seeds — Pour grignoter ou agrémenter des pâtisseries et des plats selon la variété. Formats proposés : 250 g / 500 g.","AR_FR_NATIVE_REVIEW","GitHub base catalogue names/pack sizes, no label verification","DRAFT_NOT_PUBLISHED"
"elixir","Nuts + Seeds","Elixir","إليكسري","Elixir branded nut or seed product; its exact composition needs confirmation. Available catalogue size: 770 g.","إليكسري — يُستخدم في التسالي أو المخبوزات أو الطبخ وفق نوع المكسّرات أو البذور. الأحجام المتاحة: 770 غ.","Elixir — Pour grignoter ou agrémenter des pâtisseries et des plats selon la variété. Formats proposés : 770 g.","VERIFY_PRODUCT_IDENTITY_OR_LABEL;AR_FR_NATIVE_REVIEW","GitHub base catalogue names/pack sizes, no label verification","DRAFT_NOT_PUBLISHED"
"fustuq-halabi-hab","Nuts + Seeds","Whole Pistachios","فستق حليب حب","Whole pistachios for cracking and enjoying as a snack. Available catalogue sizes: 1 kg / 200 g / 500 g.","فستق حليب حب — يُستخدم في التسالي أو المخبوزات أو الطبخ وفق نوع المكسّرات أو البذور. الأحجام المتاحة: 1 كغ / 200 غ / 500 غ.","Whole Pistachios — Pour grignoter ou agrémenter des pâtisseries et des plats selon la variété. Formats proposés : 1 kg / 200 g / 500 g.","AR_FR_NATIVE_REVIEW","GitHub base catalogue names/pack sizes, no label verification","DRAFT_NOT_PUBLISHED"
"fustuq-halabi-kasr","Nuts + Seeds","Shelled Pistachios","فستق حليب كاسر","Shelled pistachios for pastries, desserts and savoury garnishes. Available catalogue size: 200 g.","فستق حليب كاسر — يُستخدم في التسالي أو المخبوزات أو الطبخ وفق نوع المكسّرات أو البذور. الأحجام المتاحة: 200 غ.","Shelled Pistachios — Pour grignoter ou agrémenter des pâtisseries et des plats selon la variété. Formats proposés : 200 g.","AR_FR_NATIVE_REVIEW","GitHub base catalogue names/pack sizes, no label verification","DRAFT_NOT_PUBLISHED"
"hab-el-rashad","Nuts + Seeds","Garden Cress Seeds","حب ال رشاد","Garden cress seeds; check appropriate food-use instructions before preparation. Available catalogue size: 100 g.","حب ال رشاد — يُستخدم في التسالي أو المخبوزات أو الطبخ وفق نوع المكسّرات أو البذور. الأحجام المتاحة: 100 غ.","Garden Cress Seeds — Pour grignoter ou agrémenter des pâtisseries et des plats selon la variété. Formats proposés : 100 g.","AR_FR_NATIVE_REVIEW","GitHub base catalogue names/pack sizes, no label verification","DRAFT_NOT_PUBLISHED"
"habet-el-barakeh","Nuts + Seeds","Nigella Seeds (Black Seed)","حبة ال بركة","Nigella seeds for breads, savoury pastries and seasoning mixtures. Available catalogue size: 100 g.","حبة ال بركة — يُستخدم في التسالي أو المخبوزات أو الطبخ وفق نوع المكسّرات أو البذور. الأحجام المتاحة: 100 غ.","Nigella Seeds (Black Seed) — Pour grignoter ou agrémenter des pâtisseries et des plats selon la variété. Formats proposés : 100 g.","AR_FR_NATIVE_REVIEW","GitHub base catalogue names/pack sizes, no label verification","DRAFT_NOT_PUBLISHED"
"joz-farashe","Nuts + Seeds","Walnuts","جوز فاراشي","Walnuts for baking, salads, maamoul and snack bowls. Available catalogue sizes: 200 g / 500 g.","جوز فاراشي — يُستخدم في التسالي أو المخبوزات أو الطبخ وفق نوع المكسّرات أو البذور. الأحجام المتاحة: 200 غ / 500 غ.","Walnuts — Pour grignoter ou agrémenter des pâtisseries et des plats selon la variété. Formats proposés : 200 g / 500 g.","AR_FR_NATIVE_REVIEW","GitHub base catalogue names/pack sizes, no label verification","DRAFT_NOT_PUBLISHED"
"kajo-falkat","Nuts + Seeds","Cashew Halves","كاجو فلقة","Cashew halves for cooking, baking and nut mixes. Available catalogue size: 200 g.","كاجو فلقة — يُستخدم في التسالي أو المخبوزات أو الطبخ وفق نوع المكسّرات أو البذور. الأحجام المتاحة: 200 غ.","Cashew Halves — Pour grignoter ou agrémenter des pâtisseries et des plats selon la variété. Formats proposés : 200 g.","AR_FR_NATIVE_REVIEW","GitHub base catalogue names/pack sizes, no label verification","DRAFT_NOT_PUBLISHED"
"krikri","Nuts + Seeds","Krikri","كريكري","Krikri snack; its exact nut, coating and seasoning ingredients need label verification. Available catalogue sizes: 250 g / 500 g.","كريكري — يُستخدم في التسالي أو المخبوزات أو الطبخ وفق نوع المكسّرات أو البذور. الأحجام المتاحة: 250 غ / 500 غ.","Krikri — Pour grignoter ou agrémenter des pâtisseries et des plats selon la variété. Formats proposés : 250 g / 500 g.","VERIFY_PRODUCT_IDENTITY_OR_LABEL;AR_FR_NATIVE_REVIEW","GitHub base catalogue names/pack sizes, no label verification","DRAFT_NOT_PUBLISHED"
"loz-hab-be-qeshroh","Nuts + Seeds","Almonds in Shell","لوز حب بي قيشروه","Almonds in their shells, for cracking and enjoying as a snack. Available catalogue sizes: 200 g / 500 g.","لوز حب بي قيشروه — يُستخدم في التسالي أو المخبوزات أو الطبخ وفق نوع المكسّرات أو البذور. الأحجام المتاحة: 200 غ / 500 غ.","Almonds in Shell — Pour grignoter ou agrémenter des pâtisseries et des plats selon la variété. Formats proposés : 200 g / 500 g.","AR_FR_NATIVE_REVIEW","GitHub base catalogue names/pack sizes, no label verification","DRAFT_NOT_PUBLISHED"
"loz-makshour","Nuts + Seeds","Shelled Almonds","لوز ماكشور","Shelled almonds for baking, nut mixes and homemade sweets. Available catalogue size: 200 g.","لوز ماكشور — يُستخدم في التسالي أو المخبوزات أو الطبخ وفق نوع المكسّرات أو البذور. الأحجام المتاحة: 200 غ.","Shelled Almonds — Pour grignoter ou agrémenter des pâtisseries et des plats selon la variété. Formats proposés : 200 g.","AR_FR_NATIVE_REVIEW","GitHub base catalogue names/pack sizes, no label verification","DRAFT_NOT_PUBLISHED"
"loz-mkataa","Nuts + Seeds","Sliced Almonds","لوز مقطع","Sliced almonds for cake toppings, desserts and salads. Available catalogue size: 200 g.","لوز مقطع — يُستخدم في التسالي أو المخبوزات أو الطبخ وفق نوع المكسّرات أو البذور. الأحجام المتاحة: 200 غ.","Sliced Almonds — Pour grignoter ou agrémenter des pâtisseries et des plats selon la variété. Formats proposés : 200 g.","AR_FR_NATIVE_REVIEW","GitHub base catalogue names/pack sizes, no label verification","DRAFT_NOT_PUBLISHED"
"qlobet-naye","Nuts + Seeds","Raw Nut Kernels","قلوبيت نايي","A selection of raw nut kernels for mixing into recipes or serving as a snack; confirm included nuts. Available catalogue sizes: 250 g / 500 g.","قلوبيت نايي — يُستخدم في التسالي أو المخبوزات أو الطبخ وفق نوع المكسّرات أو البذور. الأحجام المتاحة: 250 غ / 500 غ.","Raw Nut Kernels — Pour grignoter ou agrémenter des pâtisseries et des plats selon la variété. Formats proposés : 250 g / 500 g.","AR_FR_NATIVE_REVIEW","GitHub base catalogue names/pack sizes, no label verification","DRAFT_NOT_PUBLISHED"
"raw-pecans","Nuts + Seeds","Raw Pecans","نيء بيكان","Raw pecans for pastries, granola and nut mixes. Available catalogue size: 250 g.","نيء بيكان — يُستخدم في التسالي أو المخبوزات أو الطبخ وفق نوع المكسّرات أو البذور. الأحجام المتاحة: 250 غ.","Raw Pecans — Pour grignoter ou agrémenter des pâtisseries et des plats selon la variété. Formats proposés : 250 g.","AR_FR_NATIVE_REVIEW","GitHub base catalogue names/pack sizes, no label verification","DRAFT_NOT_PUBLISHED"
"raw-peeled-peanuts","Nuts + Seeds","Raw Peeled Peanuts","نيء مقشر فول سوداني","Raw peeled peanuts for roasting, cooking and homemade snacks. Available catalogue size: 500 g.","نيء مقشر فول سوداني — يُستخدم في التسالي أو المخبوزات أو الطبخ وفق نوع المكسّرات أو البذور. الأحجام المتاحة: 500 غ.","Raw Peeled Peanuts — Pour grignoter ou agrémenter des pâtisseries et des plats selon la variété. Formats proposés : 500 g.","AR_FR_NATIVE_REVIEW","GitHub base catalogue names/pack sizes, no label verification","DRAFT_NOT_PUBLISHED"
"roasted-cheese-corn","Nuts + Seeds","Roasted Cheese Corn","محمص جبنة ذرة","Roasted corn with a cheese-style seasoning for savoury snacking. Available catalogue sizes: 250 g / 400 g.","محمص جبنة ذرة — يُستخدم في التسالي أو المخبوزات أو الطبخ وفق نوع المكسّرات أو البذور. الأحجام المتاحة: 250 غ / 400 غ.","Roasted Cheese Corn — Pour grignoter ou agrémenter des pâtisseries et des plats selon la variété. Formats proposés : 250 g / 400 g.","AR_FR_NATIVE_REVIEW","GitHub base catalogue names/pack sizes, no label verification","DRAFT_NOT_PUBLISHED"
"roasted-salted-corn","Nuts + Seeds","Roasted Salted Corn","محمص مملح ذرة","Roasted salted corn for a crunchy savoury snack. Available catalogue sizes: 250 g / 500 g.","محمص مملح ذرة — يُستخدم في التسالي أو المخبوزات أو الطبخ وفق نوع المكسّرات أو البذور. الأحجام المتاحة: 250 غ / 500 غ.","Roasted Salted Corn — Pour grignoter ou agrémenter des pâtisseries et des plats selon la variété. Formats proposés : 250 g / 500 g.","AR_FR_NATIVE_REVIEW","GitHub base catalogue names/pack sizes, no label verification","DRAFT_NOT_PUBLISHED"
"shea-seeds","Nuts + Seeds","Chia Seeds","شيا بذور","Chia seeds for pudding, overnight oats and topping breakfast bowls. Available catalogue sizes: 200 g / 500 g.","شيا بذور — يُستخدم في التسالي أو المخبوزات أو الطبخ وفق نوع المكسّرات أو البذور. الأحجام المتاحة: 200 غ / 500 غ.","Chia Seeds — Pour grignoter ou agrémenter des pâtisseries et des plats selon la variété. Formats proposés : 200 g / 500 g.","AR_FR_NATIVE_REVIEW","GitHub base catalogue names/pack sizes, no label verification","DRAFT_NOT_PUBLISHED"
"snoubar","Nuts + Seeds","Pine Nuts","صنوبر","Pine nuts for rice dishes, hummus toppings and savoury fillings. Available catalogue size: 100 g.","صنوبر — يُستخدم في التسالي أو المخبوزات أو الطبخ وفق نوع المكسّرات أو البذور. الأحجام المتاحة: 100 غ.","Pine Nuts — Pour grignoter ou agrémenter des pâtisseries et des plats selon la variété. Formats proposés : 100 g.","AR_FR_NATIVE_REVIEW","GitHub base catalogue names/pack sizes, no label verification","DRAFT_NOT_PUBLISHED"
"somsom-be-kshroh","Nuts + Seeds","Unhulled Sesame Seeds","سمسم بي قشره","Unhulled sesame seeds for baking and traditional sesame preparations. Available catalogue size: 500 g.","سمسم بي قشره — يُستخدم في التسالي أو المخبوزات أو الطبخ وفق نوع المكسّرات أو البذور. الأحجام المتاحة: 500 غ.","Unhulled Sesame Seeds — Pour grignoter ou agrémenter des pâtisseries et des plats selon la variété. Formats proposés : 500 g.","AR_FR_NATIVE_REVIEW","GitHub base catalogue names/pack sizes, no label verification","DRAFT_NOT_PUBLISHED"
"somsom-mhamas","Nuts + Seeds","Toasted Sesame","سمسم محمص","Toasted sesame for adding a nutty finish to breads, salads and sauces. Available catalogue size: 500 g.","سمسم محمص — يُستخدم في التسالي أو المخبوزات أو الطبخ وفق نوع المكسّرات أو البذور. الأحجام المتاحة: 500 غ.","Toasted Sesame — Pour grignoter ou agrémenter des pâtisseries et des plats selon la variété. Formats proposés : 500 g.","AR_FR_NATIVE_REVIEW","GitHub base catalogue names/pack sizes, no label verification","DRAFT_NOT_PUBLISHED"
"somsom-nay","Nuts + Seeds","Raw Sesame","سمسم نيء","Raw sesame for baking, tahini-making and savoury recipes. Available catalogue size: 500 g.","سمسم نيء — يُستخدم في التسالي أو المخبوزات أو الطبخ وفق نوع المكسّرات أو البذور. الأحجام المتاحة: 500 غ.","Raw Sesame — Pour grignoter ou agrémenter des pâtisseries et des plats selon la variété. Formats proposés : 500 g.","AR_FR_NATIVE_REVIEW","GitHub base catalogue names/pack sizes, no label verification","DRAFT_NOT_PUBLISHED"
"argan-oil","Oils","Argan Oil","زيت األرغان","Argan oil; confirm on the package whether the specific product is cosmetic or food-grade. Available catalogue size: 30 ml.","زيت األرغان — يجب التأكد من العبوة ما إذا كان الزيت مخصّصاً للطعام أو للاستعمال الخارجي، واتباع التعليمات. الأحجام المتاحة: 30 مل.","Argan Oil — Vérifiez sur l'étiquette si cette huile convient à l'alimentation ou à un usage externe, et respectez les consignes. Formats proposés : 30 ml.","VERIFY_PRODUCT_IDENTITY_OR_LABEL;VERIFY_FOOD_VS_TOPICAL_USE;AR_FR_NATIVE_REVIEW","GitHub base catalogue names/pack sizes, no label verification","DRAFT_NOT_PUBLISHED"
"bitter-almond-oil","Oils","Bitter Almond Oil","مر لوز زيت","Bitter almond oil; the product's concentration and intended use require label verification before use. Available catalogue size: 30 ml.","مر لوز زيت — يجب التأكد من العبوة ما إذا كان الزيت مخصّصاً للطعام أو للاستعمال الخارجي، واتباع التعليمات. الأحجام المتاحة: 30 مل.","Bitter Almond Oil — Vérifiez sur l'étiquette si cette huile convient à l'alimentation ou à un usage externe, et respectez les consignes. Formats proposés : 30 ml.","VERIFY_PRODUCT_IDENTITY_OR_LABEL;VERIFY_FOOD_VS_TOPICAL_USE;AR_FR_NATIVE_REVIEW","GitHub base catalogue names/pack sizes, no label verification","DRAFT_NOT_PUBLISHED"
"blackseed-oil","Oils","Black Seed Oil","زيت الحبة السوداء","Black seed oil, supplied in the oils collection; confirm edible or topical use on the bottle. Available catalogue size: 30 ml.","زيت الحبة السوداء — يجب التأكد من العبوة ما إذا كان الزيت مخصّصاً للطعام أو للاستعمال الخارجي، واتباع التعليمات. الأحجام المتاحة: 30 مل.","Black Seed Oil — Vérifiez sur l'étiquette si cette huile convient à l'alimentation ou à un usage externe, et respectez les consignes. Formats proposés : 30 ml.","VERIFY_PRODUCT_IDENTITY_OR_LABEL;VERIFY_FOOD_VS_TOPICAL_USE;AR_FR_NATIVE_REVIEW","GitHub base catalogue names/pack sizes, no label verification","DRAFT_NOT_PUBLISHED"
"castor-seeds-oil","Oils","Castor Seed Oil","كاستور بذور زيت","Castor seed oil; check intended use and directions before applying and do not assume it is edible. Available catalogue size: 30 ml.","كاستور بذور زيت — يجب التأكد من العبوة ما إذا كان الزيت مخصّصاً للطعام أو للاستعمال الخارجي، واتباع التعليمات. الأحجام المتاحة: 30 مل.","Castor Seed Oil — Vérifiez sur l'étiquette si cette huile convient à l'alimentation ou à un usage externe, et respectez les consignes. Formats proposés : 30 ml.","VERIFY_PRODUCT_IDENTITY_OR_LABEL;VERIFY_FOOD_VS_TOPICAL_USE;AR_FR_NATIVE_REVIEW","GitHub base catalogue names/pack sizes, no label verification","DRAFT_NOT_PUBLISHED"
"coconut-oil","Oils","Coconut Oil","جوز هند زيت","Coconut oil; confirm whether this particular product is food-grade or cosmetic on the label. Available catalogue size: 30 ml.","جوز هند زيت — يجب التأكد من العبوة ما إذا كان الزيت مخصّصاً للطعام أو للاستعمال الخارجي، واتباع التعليمات. الأحجام المتاحة: 30 مل.","Coconut Oil — Vérifiez sur l'étiquette si cette huile convient à l'alimentation ou à un usage externe, et respectez les consignes. Formats proposés : 30 ml.","VERIFY_PRODUCT_IDENTITY_OR_LABEL;VERIFY_FOOD_VS_TOPICAL_USE;AR_FR_NATIVE_REVIEW","GitHub base catalogue names/pack sizes, no label verification","DRAFT_NOT_PUBLISHED"
"pumpkin-seed-oil","Oils","Pumpkin Seed Oil","بومبكني سيد زيت","Pumpkin seed oil; check the label for whether this product is culinary or topical. Available catalogue size: 30 ml.","بومبكني سيد زيت — يجب التأكد من العبوة ما إذا كان الزيت مخصّصاً للطعام أو للاستعمال الخارجي، واتباع التعليمات. الأحجام المتاحة: 30 مل.","Pumpkin Seed Oil — Vérifiez sur l'étiquette si cette huile convient à l'alimentation ou à un usage externe, et respectez les consignes. Formats proposés : 30 ml.","VERIFY_PRODUCT_IDENTITY_OR_LABEL;VERIFY_FOOD_VS_TOPICAL_USE;AR_FR_NATIVE_REVIEW","GitHub base catalogue names/pack sizes, no label verification","DRAFT_NOT_PUBLISHED"
"rose-oil","Oils","Rose Oil","ورد زيت","Rose oil; confirm fragrance concentration and instructions before skin use. Available catalogue size: 30 ml.","ورد زيت — يجب التأكد من العبوة ما إذا كان الزيت مخصّصاً للطعام أو للاستعمال الخارجي، واتباع التعليمات. الأحجام المتاحة: 30 مل.","Rose Oil — Vérifiez sur l'étiquette si cette huile convient à l'alimentation ou à un usage externe, et respectez les consignes. Formats proposés : 30 ml.","VERIFY_PRODUCT_IDENTITY_OR_LABEL;VERIFY_FOOD_VS_TOPICAL_USE;AR_FR_NATIVE_REVIEW","GitHub base catalogue names/pack sizes, no label verification","DRAFT_NOT_PUBLISHED"
"rosemary-oil","Oils","Rosemary Oil","إكليل الجبل زيت","Rosemary oil; check dilution, use and safety directions on the packaging. Available catalogue size: 30 ml.","إكليل الجبل زيت — يجب التأكد من العبوة ما إذا كان الزيت مخصّصاً للطعام أو للاستعمال الخارجي، واتباع التعليمات. الأحجام المتاحة: 30 مل.","Rosemary Oil — Vérifiez sur l'étiquette si cette huile convient à l'alimentation ou à un usage externe, et respectez les consignes. Formats proposés : 30 ml.","VERIFY_PRODUCT_IDENTITY_OR_LABEL;VERIFY_FOOD_VS_TOPICAL_USE;AR_FR_NATIVE_REVIEW","GitHub base catalogue names/pack sizes, no label verification","DRAFT_NOT_PUBLISHED"
"saad-oil","Oils","Saad Oil","ساد زيت","Saad oil; verify the botanical source, intended use and handling instructions. Available catalogue size: 30 ml.","ساد زيت — يجب التأكد من العبوة ما إذا كان الزيت مخصّصاً للطعام أو للاستعمال الخارجي، واتباع التعليمات. الأحجام المتاحة: 30 مل.","Saad Oil — Vérifiez sur l'étiquette si cette huile convient à l'alimentation ou à un usage externe, et respectez les consignes. Formats proposés : 30 ml.","VERIFY_PRODUCT_IDENTITY_OR_LABEL;VERIFY_FOOD_VS_TOPICAL_USE;AR_FR_NATIVE_REVIEW","GitHub base catalogue names/pack sizes, no label verification","DRAFT_NOT_PUBLISHED"
"sweet-almond-oil","Oils","Sweet Almond Oil","حلو لوز زيت","Sweet almond oil; confirm whether the product is intended for food or skin use. Available catalogue size: 30 ml.","حلو لوز زيت — يجب التأكد من العبوة ما إذا كان الزيت مخصّصاً للطعام أو للاستعمال الخارجي، واتباع التعليمات. الأحجام المتاحة: 30 مل.","Sweet Almond Oil — Vérifiez sur l'étiquette si cette huile convient à l'alimentation ou à un usage externe, et respectez les consignes. Formats proposés : 30 ml.","VERIFY_PRODUCT_IDENTITY_OR_LABEL;VERIFY_FOOD_VS_TOPICAL_USE;AR_FR_NATIVE_REVIEW","GitHub base catalogue names/pack sizes, no label verification","DRAFT_NOT_PUBLISHED"
"viventia-rosemary-oil","Oils","Viventia Rosemary Oil","فيفينتيا إكليل الجبل زيت","Viventia rosemary oil; check the branded bottle for application and safety instructions. Available catalogue size: 30 ml.","فيفينتيا إكليل الجبل زيت — يجب التأكد من العبوة ما إذا كان الزيت مخصّصاً للطعام أو للاستعمال الخارجي، واتباع التعليمات. الأحجام المتاحة: 30 مل.","Viventia Rosemary Oil — Vérifiez sur l'étiquette si cette huile convient à l'alimentation ou à un usage externe, et respectez les consignes. Formats proposés : 30 ml.","VERIFY_PRODUCT_IDENTITY_OR_LABEL;VERIFY_FOOD_VS_TOPICAL_USE;AR_FR_NATIVE_REVIEW","GitHub base catalogue names/pack sizes, no label verification","DRAFT_NOT_PUBLISHED"
"extra-virgin-olive-oil","Olive Oil","Extra Virgin Olive Oil","زيت زيتون بكر ممتاز","Extra virgin olive oil for dipping bread, dressing salads and finishing everyday Mediterranean dishes. Available catalogue sizes: 1 L / 4 L / 17.54 L / 500 ml / 8.77 L.","زيت زيتون بكر ممتاز — مناسب للتغميس وتتبيل السلطات وإضافة اللمسة الأخيرة إلى الأطباق. الأحجام المتاحة: 1 لتر / 4 لتر / 17.54 لتر / 500 مل / 8.77 لتر.","Huile d'olive vierge extra — Pour tremper le pain, assaisonner les salades et terminer les plats. Formats proposés : 1 L / 4 L / 17.54 L / 500 ml / 8.77 L.","AR_FR_NATIVE_REVIEW","GitHub base catalogue names/pack sizes, no label verification","DRAFT_NOT_PUBLISHED"
"zaytoun-akhdar-baladi","Olives","Local Green Olives","زيتون أخضر بلدي","Baladi green olives for mezze plates, salads and breakfast tables. Available catalogue sizes: 1 kg / 2.5 kg / 3.75 kg.","زيتون أخضر بلدي — مناسب لتقديمه مع الفطور والمقبلات والسلطات. الأحجام المتاحة: 1 كغ / 2.5 كغ / 3.75 كغ.","Olives vertes baladi — À servir au petit déjeuner, avec des mezzés ou en salade. Formats proposés : 1 kg / 2.5 kg / 3.75 kg.","AR_FR_NATIVE_REVIEW","GitHub base catalogue names/pack sizes, no label verification","DRAFT_NOT_PUBLISHED"
"zaytoun-akhdar-beqaa","Olives","Bekaa Green Olives","زيتون أخضر البقاع","Bekaa green olives for serving with bread, cheese and mezze. Available catalogue sizes: 3.75 kg / 660 g.","زيتون أخضر البقاع — مناسب لتقديمه مع الفطور والمقبلات والسلطات. الأحجام المتاحة: 3.75 كغ / 660 غ.","Olives vertes de la Békaa — À servir au petit déjeuner, avec des mezzés ou en salade. Formats proposés : 3.75 kg / 660 g.","AR_FR_NATIVE_REVIEW","GitHub base catalogue names/pack sizes, no label verification","DRAFT_NOT_PUBLISHED"
"zaytoun-akhdar-koura","Olives","Koura Green Olives","زيتون أخضر الكورة","Koura green olives for traditional breakfasts and mezze spreads. Available catalogue size: 1 kg.","زيتون أخضر من الكورة — مناسب لتقديمه مع الفطور والمقبلات والسلطات. الأحجام المتاحة: 1 كغ.","Olives vertes de Koura — À servir au petit déjeuner, avec des mezzés ou en salade. Formats proposés : 1 kg.","AR_FR_NATIVE_REVIEW","GitHub base catalogue names/pack sizes, no label verification","DRAFT_NOT_PUBLISHED"
"zaytoun-akhdar-mahshe-har","Olives","Spicy Stuffed Green Olives","زيتون أخضر ماهيش حار","Spicy stuffed green olives in the smaller pack, for serving with appetisers. Available catalogue size: 360 g.","زيتون أخضر ماهيش حار — مناسب لتقديمه مع الفطور والمقبلات والسلطات. الأحجام المتاحة: 360 غ.","Spicy Stuffed Green Olives — À servir au petit déjeuner, avec des mezzés ou en salade. Formats proposés : 360 g.","AR_FR_NATIVE_REVIEW","GitHub base catalogue names/pack sizes, no label verification","DRAFT_NOT_PUBLISHED"
"zaytoun-akhdar-mehshe-har","Olives","Spicy Stuffed Green Olives","زيتون أخضر ميهيش حار","Spicy stuffed green olives in the larger pack, for sharing at gatherings. Available catalogue size: 2.5 kg.","زيتون أخضر ميهيش حار — مناسب لتقديمه مع الفطور والمقبلات والسلطات. الأحجام المتاحة: 2.5 كغ.","Spicy Stuffed Green Olives — À servir au petit déjeuner, avec des mezzés ou en salade. Formats proposés : 2.5 kg.","AR_FR_NATIVE_REVIEW","GitHub base catalogue names/pack sizes, no label verification","DRAFT_NOT_PUBLISHED"
"zaytoun-aswad-baladi","Olives","Local Black Olives","زيتون أسود بلدي","Baladi black olives for salads, sandwiches and breakfast plates. Available catalogue sizes: 3.75 kg / 2.5 kg.","زيتون أسود بلدي — مناسب لتقديمه مع الفطور والمقبلات والسلطات. الأحجام المتاحة: 3.75 كغ / 2.5 كغ.","Olives noires baladi — À servir au petit déjeuner, avec des mezzés ou en salade. Formats proposés : 3.75 kg / 2.5 kg.","AR_FR_NATIVE_REVIEW","GitHub base catalogue names/pack sizes, no label verification","DRAFT_NOT_PUBLISHED"
"zaytoun-aswad-beqaa","Olives","Bekaa Black Olives","زيتون أسود البقاع","Bekaa black olives for enjoying alongside labneh and flatbread. Available catalogue size: 660 g.","زيتون أسود البقاع — مناسب لتقديمه مع الفطور والمقبلات والسلطات. الأحجام المتاحة: 660 غ.","Olives noires de la Békaa — À servir au petit déjeuner, avec des mezzés ou en salade. Formats proposés : 660 g.","AR_FR_NATIVE_REVIEW","GitHub base catalogue names/pack sizes, no label verification","DRAFT_NOT_PUBLISHED"
"zaytoun-jarjir","Olives","Jarjir Olives","زيتون جرجري","Jarjir olives listed under their local variety name, suited to a mezze selection. Available catalogue size: 1 kg.","زيتون جرجري — مناسب لتقديمه مع الفطور والمقبلات والسلطات. الأحجام المتاحة: 1 كغ.","Olives Jarjir — À servir au petit déjeuner, avec des mezzés ou en salade. Formats proposés : 1 kg.","AR_FR_NATIVE_REVIEW","GitHub base catalogue names/pack sizes, no label verification","DRAFT_NOT_PUBLISHED"
"ardi-shawki","Pickles","Pickled Artichoke","اردي شاوكي","Pickled artichoke for appetiser plates and savoury salads. Available catalogue size: 1 kg.","اردي شاوكي — مناسب كمقبل مع السندويشات والأطباق المالحة. الأحجام المتاحة: 1 كغ.","Pickled Artichoke — À servir en accompagnement des sandwiches, mezzés et plats salés. Formats proposés : 1 kg.","AR_FR_NATIVE_REVIEW","GitHub base catalogue names/pack sizes, no label verification","DRAFT_NOT_PUBLISHED"
"cornichon","Pickles","Gherkins","كورنيتشون","Small gherkins for sandwiches, cheese plates and appetisers. Available catalogue size: 800 g.","كورنيتشون — مناسب كمقبل مع السندويشات والأطباق المالحة. الأحجام المتاحة: 800 غ.","Gherkins — À servir en accompagnement des sandwiches, mezzés et plats salés. Formats proposés : 800 g.","AR_FR_NATIVE_REVIEW","GitHub base catalogue names/pack sizes, no label verification","DRAFT_NOT_PUBLISHED"
"kabees-el-loz","Pickles","Pickled Almonds","كبيس ال لوز","Pickled almonds as a tangy accompaniment to mezze. Available catalogue size: 660 g.","كبيس ال لوز — مناسب كمقبل مع السندويشات والأطباق المالحة. الأحجام المتاحة: 660 غ.","Pickled Almonds — À servir en accompagnement des sandwiches, mezzés et plats salés. Formats proposés : 660 g.","AR_FR_NATIVE_REVIEW","GitHub base catalogue names/pack sizes, no label verification","DRAFT_NOT_PUBLISHED"
"kabees-khyar","Pickles","Pickled Cucumber","كبيس خيار","Pickled cucumber for sandwiches, shawarma plates and mezze. Available catalogue size: 660 g.","كبيس خيار — مناسب كمقبل مع السندويشات والأطباق المالحة. الأحجام المتاحة: 660 غ.","Pickled Cucumber — À servir en accompagnement des sandwiches, mezzés et plats salés. Formats proposés : 660 g.","AR_FR_NATIVE_REVIEW","GitHub base catalogue names/pack sizes, no label verification","DRAFT_NOT_PUBLISHED"
"kabees-left","Pickles","Pickled Turnip","كبيس ليفت","Pickled turnip to serve alongside falafel, wraps and grilled foods. Available catalogue size: 660 g.","كبيس ليفت — مناسب كمقبل مع السندويشات والأطباق المالحة. الأحجام المتاحة: 660 غ.","Pickled Turnip — À servir en accompagnement des sandwiches, mezzés et plats salés. Formats proposés : 660 g.","AR_FR_NATIVE_REVIEW","GitHub base catalogue names/pack sizes, no label verification","DRAFT_NOT_PUBLISHED"
"kabees-meete","Pickles","Meete Pickles","كبيس مييت","Meete pickles listed under a traditional name; vegetable contents require confirmation. Available catalogue size: 660 g.","كبيس مييت — مناسب كمقبل مع السندويشات والأطباق المالحة. الأحجام المتاحة: 660 غ.","Meete Pickles — À servir en accompagnement des sandwiches, mezzés et plats salés. Formats proposés : 660 g.","VERIFY_PRODUCT_IDENTITY_OR_LABEL;AR_FR_NATIVE_REVIEW","GitHub base catalogue names/pack sizes, no label verification","DRAFT_NOT_PUBLISHED"
"kabees-meshakal","Pickles","Mixed Pickles","كبيس ميشاكال","Mixed pickles to accompany sandwiches and mezze platters. Check the package for the available format.","كبيس ميشاكال — مناسب كمقبل مع السندويشات والأطباق المالحة. يُرجى التحقق من حجم العبوة.","Mixed Pickles — À servir en accompagnement des sandwiches, mezzés et plats salés. Vérifiez le format sur l'emballage.","AR_FR_NATIVE_REVIEW","GitHub base catalogue names/pack sizes, no label verification","DRAFT_NOT_PUBLISHED"
"kabes-har","Pickles","Spicy Pickles","كبيس حار","Spicy pickles as a punchy side for grilled dishes and wraps. Available catalogue size: 1.35 kg.","كبيس حار — مناسب كمقبل مع السندويشات والأطباق المالحة. الأحجام المتاحة: 1.35 كغ.","Spicy Pickles — À servir en accompagnement des sandwiches, mezzés et plats salés. Formats proposés : 1.35 kg.","AR_FR_NATIVE_REVIEW","GitHub base catalogue names/pack sizes, no label verification","DRAFT_NOT_PUBLISHED"
"aadas-aarid","Pulses","Large Lentils","عدس اريد","Large lentils for soups, stews and hearty salads. Available catalogue sizes: 1 kg / 2 kg.","عدس اريد — مناسب للشوربات واليخنات وأطباق البقوليات بعد التحضير والطهو الملائمين. الأحجام المتاحة: 1 كغ / 2 كغ.","Large Lentils — Pour les soupes, ragoûts et plats de légumineuses après une préparation appropriée. Formats proposés : 1 kg / 2 kg.","AR_FR_NATIVE_REVIEW","GitHub base catalogue names/pack sizes, no label verification","DRAFT_NOT_PUBLISHED"
"aadas-majroush","Pulses","Split Lentils","عدس ماجروش","Split lentils for soups, purées and quick-cooking legume dishes. Available catalogue sizes: 1 kg / 2 kg.","عدس ماجروش — مناسب للشوربات واليخنات وأطباق البقوليات بعد التحضير والطهو الملائمين. الأحجام المتاحة: 1 كغ / 2 كغ.","Split Lentils — Pour les soupes, ragoûts et plats de légumineuses après une préparation appropriée. Formats proposés : 1 kg / 2 kg.","AR_FR_NATIVE_REVIEW","GitHub base catalogue names/pack sizes, no label verification","DRAFT_NOT_PUBLISHED"
"austrailian-aadas","Pulses","Australian Lentils","اوسرتايليان عدس","Australian lentils for soups and everyday legume cooking. Available catalogue size: 1 kg.","اوسرتايليان عدس — مناسب للشوربات واليخنات وأطباق البقوليات بعد التحضير والطهو الملائمين. الأحجام المتاحة: 1 كغ.","Australian Lentils — Pour les soupes, ragoûts et plats de légumineuses après une préparation appropriée. Formats proposés : 1 kg.","AR_FR_NATIVE_REVIEW","GitHub base catalogue names/pack sizes, no label verification","DRAFT_NOT_PUBLISHED"
"bazela-yebsa","Pulses","Dried Peas","بازالء يابسة","Dried peas for soups and slow-cooked dishes. Available catalogue size: 1 kg.","بازالء يابسة — مناسب للشوربات واليخنات وأطباق البقوليات بعد التحضير والطهو الملائمين. الأحجام المتاحة: 1 كغ.","Dried Peas — Pour les soupes, ragoûts et plats de légumineuses après une préparation appropriée. Formats proposés : 1 kg.","AR_FR_NATIVE_REVIEW","GitHub base catalogue names/pack sizes, no label verification","DRAFT_NOT_PUBLISHED"
"fasolya-aarida","Pulses","Broad White Beans","فاصوليا عريضة","Broad white beans for bean stews and salads. Available catalogue size: 1 kg.","فاصوليا عريضة — مناسب للشوربات واليخنات وأطباق البقوليات بعد التحضير والطهو الملائمين. الأحجام المتاحة: 1 كغ.","Broad White Beans — Pour les soupes, ragoûts et plats de légumineuses après une préparation appropriée. Formats proposés : 1 kg.","AR_FR_NATIVE_REVIEW","GitHub base catalogue names/pack sizes, no label verification","DRAFT_NOT_PUBLISHED"
"fasolya-snoubareye","Pulses","Pine-Shaped Beans","فاصوليا صنوبرية","Pine-shaped beans for soups and traditional bean dishes. Available catalogue size: 1 kg.","فاصوليا صنوبرية — مناسب للشوربات واليخنات وأطباق البقوليات بعد التحضير والطهو الملائمين. الأحجام المتاحة: 1 كغ.","Pine-Shaped Beans — Pour les soupes, ragoûts et plats de légumineuses après une préparation appropriée. Formats proposés : 1 kg.","AR_FR_NATIVE_REVIEW","GitHub base catalogue names/pack sizes, no label verification","DRAFT_NOT_PUBLISHED"
"foul-aarid","Pulses","Large Fava Beans","فول اريد","Large fava beans for stews and bean-based sides. Available catalogue sizes: 1 kg / 500 g.","فول اريد — مناسب للشوربات واليخنات وأطباق البقوليات بعد التحضير والطهو الملائمين. الأحجام المتاحة: 1 كغ / 500 غ.","Large Fava Beans — Pour les soupes, ragoûts et plats de légumineuses après une préparation appropriée. Formats proposés : 1 kg / 500 g.","AR_FR_NATIVE_REVIEW","GitHub base catalogue names/pack sizes, no label verification","DRAFT_NOT_PUBLISHED"
"foul-mdamas","Pulses","Fava Beans for Foul Mdammas","فول مداماس","Fava beans selected for preparing foul mdammas. Available catalogue sizes: 1 kg / 500 g.","فول مداماس — مناسب للشوربات واليخنات وأطباق البقوليات بعد التحضير والطهو الملائمين. الأحجام المتاحة: 1 كغ / 500 غ.","Fava Beans for Foul Mdammas — Pour les soupes, ragoûts et plats de légumineuses après une préparation appropriée. Formats proposés : 1 kg / 500 g.","AR_FR_NATIVE_REVIEW","GitHub base catalogue names/pack sizes, no label verification","DRAFT_NOT_PUBLISHED"
"humus-amreeki","Pulses","American Chickpeas","حمص امريكي","American chickpeas for hummus, salads and cooked chickpea dishes. Available catalogue sizes: 1 kg / 500 g.","حمص امريكي — مناسب للشوربات واليخنات وأطباق البقوليات بعد التحضير والطهو الملائمين. الأحجام المتاحة: 1 كغ / 500 غ.","American Chickpeas — Pour les soupes, ragoûts et plats de légumineuses après une préparation appropriée. Formats proposés : 1 kg / 500 g.","AR_FR_NATIVE_REVIEW","GitHub base catalogue names/pack sizes, no label verification","DRAFT_NOT_PUBLISHED"
"humus-baladi","Pulses","Local Chickpeas","حمص بلدي","Baladi chickpeas for hummus, soups and traditional dishes. Available catalogue size: 1 kg.","حمص بلدي — مناسب للشوربات واليخنات وأطباق البقوليات بعد التحضير والطهو الملائمين. الأحجام المتاحة: 1 كغ.","Local Chickpeas — Pour les soupes, ragoûts et plats de légumineuses après une préparation appropriée. Formats proposés : 1 kg.","AR_FR_NATIVE_REVIEW","GitHub base catalogue names/pack sizes, no label verification","DRAFT_NOT_PUBLISHED"
"humus-fahle","Pulses","Large Chickpeas","حمص فحلة","Large chickpeas for cooked salads, stews and dips. Available catalogue sizes: 2 kg / 1 kg.","حمص فحلة — مناسب للشوربات واليخنات وأطباق البقوليات بعد التحضير والطهو الملائمين. الأحجام المتاحة: 2 كغ / 1 كغ.","Large Chickpeas — Pour les soupes, ragoûts et plats de légumineuses après une préparation appropriée. Formats proposés : 2 kg / 1 kg.","AR_FR_NATIVE_REVIEW","GitHub base catalogue names/pack sizes, no label verification","DRAFT_NOT_PUBLISHED"
"termos-helo","Pulses","Sweet Lupini Beans","تريموس هيلو","Sweet lupini beans for traditional snacks; follow preparation directions before eating. Available catalogue sizes: 1 kg / 500 g.","تريموس هيلو — مناسب للشوربات واليخنات وأطباق البقوليات بعد التحضير والطهو الملائمين. الأحجام المتاحة: 1 كغ / 500 غ.","Lupins doux — Pour les soupes, ragoûts et plats de légumineuses après une préparation appropriée. Formats proposés : 1 kg / 500 g.","VERIFY_PRODUCT_IDENTITY_OR_LABEL;AR_FR_NATIVE_REVIEW","GitHub base catalogue names/pack sizes, no label verification","DRAFT_NOT_PUBLISHED"
"termos-morr","Pulses","Bitter Lupini Beans","تريموس مر","Bitter lupini beans require correct debittering before consumption; preparation instructions must be verified. Available catalogue size: 1 kg.","ترمس مر — مناسب للشوربات واليخنات وأطباق البقوليات بعد التحضير والطهو الملائمين. الأحجام المتاحة: 1 كغ.","Lupins amers — Pour les soupes, ragoûts et plats de légumineuses après une préparation appropriée. Formats proposés : 1 kg.","VERIFY_PRODUCT_IDENTITY_OR_LABEL;AR_FR_NATIVE_REVIEW","GitHub base catalogue names/pack sizes, no label verification","DRAFT_NOT_PUBLISHED"
"bee-pollen-soap","Soap","Bee Pollen Soap","حبوب لقاح النحل صابون","Bee pollen soap for cleansing; consult the label for full ingredients and skin-sensitivity advice. Check the package for the available format.","حبوب لقاح النحل صابون — صابون للاستعمال اليومي بحسب نوع البشرة وتعليمات العبوة؛ يُرجى مراجعة المكوّنات. يُرجى التحقق من حجم العبوة.","Bee Pollen Soap — Un savon à utiliser selon les indications de l'emballage et la tolérance de la peau ; vérifiez la composition. Vérifiez le format sur l'emballage.","VERIFY_ALLERGENS_AND_INGREDIENTS;AR_FR_NATIVE_REVIEW","GitHub base catalogue names/pack sizes, no label verification","DRAFT_NOT_PUBLISHED"
"coal-soap","Soap","Charcoal Soap","فحم صابون","Charcoal soap for everyday cleansing; check the label for its formulation and intended skin use. Check the package for the available format.","فحم صابون — صابون للاستعمال اليومي بحسب نوع البشرة وتعليمات العبوة؛ يُرجى مراجعة المكوّنات. يُرجى التحقق من حجم العبوة.","Charcoal Soap — Un savon à utiliser selon les indications de l'emballage et la tolérance de la peau ; vérifiez la composition. Vérifiez le format sur l'emballage.","VERIFY_ALLERGENS_AND_INGREDIENTS;AR_FR_NATIVE_REVIEW","GitHub base catalogue names/pack sizes, no label verification","DRAFT_NOT_PUBLISHED"
"hive-soap","Soap","Hive Soap","خلية صابون","Hive-themed soap; its precise ingredients and fragrance need confirmation on the wrapper. Check the package for the available format.","خلية صابون — صابون للاستعمال اليومي بحسب نوع البشرة وتعليمات العبوة؛ يُرجى مراجعة المكوّنات. يُرجى التحقق من حجم العبوة.","Hive Soap — Un savon à utiliser selon les indications de l'emballage et la tolérance de la peau ; vérifiez la composition. Vérifiez le format sur l'emballage.","VERIFY_PRODUCT_IDENTITY_OR_LABEL;VERIFY_ALLERGENS_AND_INGREDIENTS;AR_FR_NATIVE_REVIEW","GitHub base catalogue names/pack sizes, no label verification","DRAFT_NOT_PUBLISHED"
"honey-soap","Soap","Honey Soap","عسل صابون","Honey soap for washing; packaging should be checked for the complete ingredient list. Check the package for the available format.","عسل صابون — صابون للاستعمال اليومي بحسب نوع البشرة وتعليمات العبوة؛ يُرجى مراجعة المكوّنات. يُرجى التحقق من حجم العبوة.","Honey Soap — Un savon à utiliser selon les indications de l'emballage et la tolérance de la peau ; vérifiez la composition. Vérifiez le format sur l'emballage.","VERIFY_ALLERGENS_AND_INGREDIENTS;AR_FR_NATIVE_REVIEW","GitHub base catalogue names/pack sizes, no label verification","DRAFT_NOT_PUBLISHED"
"olive-oil-soap","Soap","Olive Oil Soap","زيتون زيت صابون","Olive oil soap for everyday washing; check the wrapper for ingredients and usage guidance. Check the package for the available format.","صابون بزيت الزيتون — صابون للاستعمال اليومي بحسب نوع البشرة وتعليمات العبوة؛ يُرجى مراجعة المكوّنات. يُرجى التحقق من حجم العبوة.","Savon à l'huile d'olive — Un savon à utiliser selon les indications de l'emballage et la tolérance de la peau ; vérifiez la composition. Vérifiez le format sur l'emballage.","VERIFY_ALLERGENS_AND_INGREDIENTS;AR_FR_NATIVE_REVIEW","GitHub base catalogue names/pack sizes, no label verification","DRAFT_NOT_PUBLISHED"
"arabic-gum","Spices","Arabic Gum","عربي صمغ","Gum arabic for recipes that specifically call for this traditional food ingredient. Available catalogue size: 100 g.","عربي صمغ — مناسب لتتبيل الوصفات التي يتوافق معها هذا النوع من البهارات. الأحجام المتاحة: 100 غ.","Arabic Gum — Pour relever les recettes auxquelles cette épice ou ce mélange convient. Formats proposés : 100 g.","AR_FR_NATIVE_REVIEW","GitHub base catalogue names/pack sizes, no label verification","DRAFT_NOT_PUBLISHED"
"bahar-maghrabiya","Spices","Moghrabieh Seasoning","بهار مغربية","Moghrabieh seasoning blended for flavouring traditional moghrabieh dishes. Available catalogue size: 100 g.","بهار مغربية — مناسب لتتبيل الوصفات التي يتوافق معها هذا النوع من البهارات. الأحجام المتاحة: 100 غ.","Moghrabieh Seasoning — Pour relever les recettes auxquelles cette épice ou ce mélange convient. Formats proposés : 100 g.","AR_FR_NATIVE_REVIEW","GitHub base catalogue names/pack sizes, no label verification","DRAFT_NOT_PUBLISHED"
"bahar-maklouba","Spices","Maqluba Seasoning","بهار مقلوبة","Maqluba seasoning for rice, vegetables and layered maqluba preparations. Available catalogue size: 100 g.","بهار مقلوبة — مناسب لتتبيل الوصفات التي يتوافق معها هذا النوع من البهارات. الأحجام المتاحة: 100 غ.","Maqluba Seasoning — Pour relever les recettes auxquelles cette épice ou ce mélange convient. Formats proposés : 100 g.","AR_FR_NATIVE_REVIEW","GitHub base catalogue names/pack sizes, no label verification","DRAFT_NOT_PUBLISHED"
"bahar-ouzi","Spices","Ouzi Seasoning","بهار أوزي","Ouzi seasoning for spiced rice and ouzi fillings. Available catalogue size: 100 g.","بهار أوزي — مناسب لتتبيل الوصفات التي يتوافق معها هذا النوع من البهارات. الأحجام المتاحة: 100 غ.","Ouzi Seasoning — Pour relever les recettes auxquelles cette épice ou ce mélange convient. Formats proposés : 100 g.","AR_FR_NATIVE_REVIEW","GitHub base catalogue names/pack sizes, no label verification","DRAFT_NOT_PUBLISHED"
"bhar-abyad","Spices","White Pepper","بهار أبيض","White pepper for a gentler-looking pepper seasoning in soups and sauces. Available catalogue size: 50 g.","بهار أبيض — مناسب لتتبيل الوصفات التي يتوافق معها هذا النوع من البهارات. الأحجام المتاحة: 50 غ.","White Pepper — Pour relever les recettes auxquelles cette épice ou ce mélange convient. Formats proposés : 50 g.","AR_FR_NATIVE_REVIEW","GitHub base catalogue names/pack sizes, no label verification","DRAFT_NOT_PUBLISHED"
"bhar-aswad-hab","Spices","Whole Black Pepper","بهار أسود حب","Whole black peppercorns for grinding fresh or seasoning broths. Available catalogue size: 100 g.","بهار أسود حب — مناسب لتتبيل الوصفات التي يتوافق معها هذا النوع من البهارات. الأحجام المتاحة: 100 غ.","Whole Black Pepper — Pour relever les recettes auxquelles cette épice ou ce mélange convient. Formats proposés : 100 g.","AR_FR_NATIVE_REVIEW","GitHub base catalogue names/pack sizes, no label verification","DRAFT_NOT_PUBLISHED"
"bhar-aswad-har","Spices","Hot Black Pepper","بهار أسود حار","Hot black pepper for dishes where a stronger pepper kick is wanted. Available catalogue size: 100 g.","بهار أسود حار — مناسب لتتبيل الوصفات التي يتوافق معها هذا النوع من البهارات. الأحجام المتاحة: 100 غ.","Hot Black Pepper — Pour relever les recettes auxquelles cette épice ou ce mélange convient. Formats proposés : 100 g.","AR_FR_NATIVE_REVIEW","GitHub base catalogue names/pack sizes, no label verification","DRAFT_NOT_PUBLISHED"
"bhar-batata","Spices","Potato Seasoning","بهار بطاطا","Potato seasoning for roast potatoes, wedges and potato snacks. Available catalogue sizes: 1 kg / 100 g.","بهار بطاطا — مناسب لتتبيل الوصفات التي يتوافق معها هذا النوع من البهارات. الأحجام المتاحة: 1 كغ / 100 غ.","Potato Seasoning — Pour relever les recettes auxquelles cette épice ou ce mélange convient. Formats proposés : 1 kg / 100 g.","AR_FR_NATIVE_REVIEW","GitHub base catalogue names/pack sizes, no label verification","DRAFT_NOT_PUBLISHED"
"bhar-crispy","Spices","Crispy Seasoning","بهار مقرمش","Crispy seasoning for breaded or crunchy-style savoury dishes. Available catalogue size: 100 g.","بهار مقرمش — مناسب لتتبيل الوصفات التي يتوافق معها هذا النوع من البهارات. الأحجام المتاحة: 100 غ.","Crispy Seasoning — Pour relever les recettes auxquelles cette épice ou ce mélange convient. Formats proposés : 100 g.","AR_FR_NATIVE_REVIEW","GitHub base catalogue names/pack sizes, no label verification","DRAFT_NOT_PUBLISHED"
"bhar-dajaj","Spices","Chicken Seasoning","بهار دجاج","Chicken seasoning for roasted, grilled or pan-cooked chicken. Available catalogue size: 100 g.","بهار دجاج — مناسب لتتبيل الوصفات التي يتوافق معها هذا النوع من البهارات. الأحجام المتاحة: 100 غ.","Chicken Seasoning — Pour relever les recettes auxquelles cette épice ou ce mélange convient. Formats proposés : 100 g.","AR_FR_NATIVE_REVIEW","GitHub base catalogue names/pack sizes, no label verification","DRAFT_NOT_PUBLISHED"
"bhar-el-escalope","Spices","Escalope Seasoning","بهار ال إسكالوب","Escalope seasoning for cutlets and breaded meat dishes. Available catalogue size: 100 g.","بهار ال إسكالوب — مناسب لتتبيل الوصفات التي يتوافق معها هذا النوع من البهارات. الأحجام المتاحة: 100 غ.","Escalope Seasoning — Pour relever les recettes auxquelles cette épice ou ce mélange convient. Formats proposés : 100 g.","AR_FR_NATIVE_REVIEW","GitHub base catalogue names/pack sizes, no label verification","DRAFT_NOT_PUBLISHED"
"bhar-el-riz","Spices","Rice Seasoning","بهار ال رز","Rice seasoning for pilafs and seasoned rice sides. Available catalogue size: 100 g.","بهار ال رز — مناسب لتتبيل الوصفات التي يتوافق معها هذا النوع من البهارات. الأحجام المتاحة: 100 غ.","Rice Seasoning — Pour relever les recettes auxquelles cette épice ou ce mélange convient. Formats proposés : 100 g.","AR_FR_NATIVE_REVIEW","GitHub base catalogue names/pack sizes, no label verification","DRAFT_NOT_PUBLISHED"
"bhar-el-salek","Spices","Swiss Chard Seasoning","بهار ال سلق","Swiss chard seasoning for cooked greens and chard-based recipes. Available catalogue size: 200 g.","بهار ال سلق — مناسب لتتبيل الوصفات التي يتوافق معها هذا النوع من البهارات. الأحجام المتاحة: 200 غ.","Swiss Chard Seasoning — Pour relever les recettes auxquelles cette épice ou ce mélange convient. Formats proposés : 200 g.","AR_FR_NATIVE_REVIEW","GitHub base catalogue names/pack sizes, no label verification","DRAFT_NOT_PUBLISHED"
"bhar-el-tawouk","Spices","Shish Tawook Seasoning","بهار ال طاووق","Shish tawook seasoning for marinated chicken skewers. Available catalogue size: 100 g.","بهار ال طاووق — مناسب لتتبيل الوصفات التي يتوافق معها هذا النوع من البهارات. الأحجام المتاحة: 100 غ.","Shish Tawook Seasoning — Pour relever les recettes auxquelles cette épice ou ce mélange convient. Formats proposés : 100 g.","AR_FR_NATIVE_REVIEW","GitHub base catalogue names/pack sizes, no label verification","DRAFT_NOT_PUBLISHED"
"bhar-fahita","Spices","Fajita Seasoning","بهار فاهيتا","Fajita seasoning for vegetables or fajita-style chicken. Available catalogue size: 100 g.","بهار فاهيتا — مناسب لتتبيل الوصفات التي يتوافق معها هذا النوع من البهارات. الأحجام المتاحة: 100 غ.","Fajita Seasoning — Pour relever les recettes auxquelles cette épice ou ce mélange convient. Formats proposés : 100 g.","AR_FR_NATIVE_REVIEW","GitHub base catalogue names/pack sizes, no label verification","DRAFT_NOT_PUBLISHED"
"bhar-helo","Spices","Allspice","بهار هيلو","Allspice for savoury stews, meat fillings and selected baking recipes. Available catalogue size: 100 g.","بهار هيلو — مناسب لتتبيل الوصفات التي يتوافق معها هذا النوع من البهارات. الأحجام المتاحة: 100 غ.","Allspice — Pour relever les recettes auxquelles cette épice ou ce mélange convient. Formats proposés : 100 g.","AR_FR_NATIVE_REVIEW","GitHub base catalogue names/pack sizes, no label verification","DRAFT_NOT_PUBLISHED"
"bhar-kabse","Spices","Kabsa Seasoning","بهار كبسة","Kabsa seasoning for spiced rice and kabsa-style dishes. Available catalogue size: 100 g.","بهار كبسة — مناسب لتتبيل الوصفات التي يتوافق معها هذا النوع من البهارات. الأحجام المتاحة: 100 غ.","Kabsa Seasoning — Pour relever les recettes auxquelles cette épice ou ce mélange convient. Formats proposés : 100 g.","AR_FR_NATIVE_REVIEW","GitHub base catalogue names/pack sizes, no label verification","DRAFT_NOT_PUBLISHED"
"bhar-lahme","Spices","Meat Seasoning","بهار لحمة","Meat seasoning for ground-meat fillings and savoury meat dishes. Available catalogue size: 100 g.","بهار لحمة — مناسب لتتبيل الوصفات التي يتوافق معها هذا النوع من البهارات. الأحجام المتاحة: 100 غ.","Meat Seasoning — Pour relever les recettes auxquelles cette épice ou ce mélange convient. Formats proposés : 100 g.","AR_FR_NATIVE_REVIEW","GitHub base catalogue names/pack sizes, no label verification","DRAFT_NOT_PUBLISHED"
"bhar-lahme-baajeen","Spices","Lahm bi Ajeen Seasoning","بهار لحمة بعجني","Lahm bi ajeen seasoning for spiced minced-meat flatbreads. Available catalogue size: 100 g.","بهار لحمة بعجني — مناسب لتتبيل الوصفات التي يتوافق معها هذا النوع من البهارات. الأحجام المتاحة: 100 غ.","Lahm bi Ajeen Seasoning — Pour relever les recettes auxquelles cette épice ou ce mélange convient. Formats proposés : 100 g.","AR_FR_NATIVE_REVIEW","GitHub base catalogue names/pack sizes, no label verification","DRAFT_NOT_PUBLISHED"
"bhar-maggi","Spices","Maggi Seasoning","بهار ماجي","Maggi-style seasoning; exact ingredients and brand association need checking. Available catalogue size: 100 g.","بهار ماجي — مناسب لتتبيل الوصفات التي يتوافق معها هذا النوع من البهارات. الأحجام المتاحة: 100 غ.","Maggi Seasoning — Pour relever les recettes auxquelles cette épice ou ce mélange convient. Formats proposés : 100 g.","VERIFY_PRODUCT_IDENTITY_OR_LABEL;AR_FR_NATIVE_REVIEW","GitHub base catalogue names/pack sizes, no label verification","DRAFT_NOT_PUBLISHED"
"bhar-mansaf","Spices","Mansaf Seasoning","بهار منسف","Mansaf seasoning for traditional mansaf preparations. Available catalogue size: 100 g.","بهار منسف — مناسب لتتبيل الوصفات التي يتوافق معها هذا النوع من البهارات. الأحجام المتاحة: 100 غ.","Mansaf Seasoning — Pour relever les recettes auxquelles cette épice ou ce mélange convient. Formats proposés : 100 g.","AR_FR_NATIVE_REVIEW","GitHub base catalogue names/pack sizes, no label verification","DRAFT_NOT_PUBLISHED"
"bhar-mashawe","Spices","Grilling Seasoning","بهار مشاوي","Grilling seasoning for barbecued meat and vegetables. Available catalogue size: 100 g.","بهار مشاوي — مناسب لتتبيل الوصفات التي يتوافق معها هذا النوع من البهارات. الأحجام المتاحة: 100 غ.","Grilling Seasoning — Pour relever les recettes auxquelles cette épice ou ce mélange convient. Formats proposés : 100 g.","AR_FR_NATIVE_REVIEW","GitHub base catalogue names/pack sizes, no label verification","DRAFT_NOT_PUBLISHED"
"bhar-philadelphia","Spices","Philadelphia Seasoning","بهار فيالدلفيا","Philadelphia seasoning blend; confirm which recipe or product it is intended for. Available catalogue size: 100 g.","بهار فيالدلفيا — مناسب لتتبيل الوصفات التي يتوافق معها هذا النوع من البهارات. الأحجام المتاحة: 100 غ.","Philadelphia Seasoning — Pour relever les recettes auxquelles cette épice ou ce mélange convient. Formats proposés : 100 g.","VERIFY_PRODUCT_IDENTITY_OR_LABEL;AR_FR_NATIVE_REVIEW","GitHub base catalogue names/pack sizes, no label verification","DRAFT_NOT_PUBLISHED"
"bhar-samak","Spices","Fish Seasoning","بهار سمك","Fish seasoning for pan-cooked, baked or grilled fish. Available catalogue size: 200 g.","بهار سمك — مناسب لتتبيل الوصفات التي يتوافق معها هذا النوع من البهارات. الأحجام المتاحة: 200 غ.","Fish Seasoning — Pour relever les recettes auxquelles cette épice ou ce mélange convient. Formats proposés : 200 g.","AR_FR_NATIVE_REVIEW","GitHub base catalogue names/pack sizes, no label verification","DRAFT_NOT_PUBLISHED"
"bhar-shawarma-djej","Spices","Chicken Shawarma Seasoning","بهار شاورما دجاج","Chicken shawarma seasoning for marinated poultry. Available catalogue size: 100 g.","بهار شاورما دجاج — مناسب لتتبيل الوصفات التي يتوافق معها هذا النوع من البهارات. الأحجام المتاحة: 100 غ.","Chicken Shawarma Seasoning — Pour relever les recettes auxquelles cette épice ou ce mélange convient. Formats proposés : 100 g.","AR_FR_NATIVE_REVIEW","GitHub base catalogue names/pack sizes, no label verification","DRAFT_NOT_PUBLISHED"
"bhar-shawarma-lahme","Spices","Meat Shawarma Seasoning","بهار شاورما لحمة","Meat shawarma seasoning for sliced meat. Available catalogue size: 100 g.","بهار شاورما لحمة — مناسب لتتبيل الوصفات التي يتوافق معها هذا النوع من البهارات. الأحجام المتاحة: 100 غ.","Meat Shawarma Seasoning — Pour relever les recettes auxquelles cette épice ou ce mélange convient. Formats proposés : 100 g.","AR_FR_NATIVE_REVIEW","GitHub base catalogue names/pack sizes, no label verification","DRAFT_NOT_PUBLISHED"
"bodret-el-basal","Spices","Onion Powder","بودريت ال بصل","Onion powder for dry rubs, dressings and quick seasoning. Available catalogue size: 100 g.","بودريت ال بصل — مناسب لتتبيل الوصفات التي يتوافق معها هذا النوع من البهارات. الأحجام المتاحة: 100 غ.","Onion Powder — Pour relever les recettes auxquelles cette épice ou ce mélange convient. Formats proposés : 100 g.","AR_FR_NATIVE_REVIEW","GitHub base catalogue names/pack sizes, no label verification","DRAFT_NOT_PUBLISHED"
"bodret-el-thoumm","Spices","Garlic Powder","بودريت ال ثوم","Garlic powder for marinades, dips and spice rubs. Available catalogue size: 100 g.","بودريت ال ثوم — مناسب لتتبيل الوصفات التي يتوافق معها هذا النوع من البهارات. الأحجام المتاحة: 100 غ.","Garlic Powder — Pour relever les recettes auxquelles cette épice ou ce mélange convient. Formats proposés : 100 g.","AR_FR_NATIVE_REVIEW","GitHub base catalogue names/pack sizes, no label verification","DRAFT_NOT_PUBLISHED"
"daqet-el-kaek","Spices","Kaak Spice Mix","داقيت ال كعك","Kaak spice mix for recipes calling for traditional spiced kaak. Available catalogue size: 50 g.","داقيت ال كعك — مناسب لتتبيل الوصفات التي يتوافق معها هذا النوع من البهارات. الأحجام المتاحة: 50 غ.","Kaak Spice Mix — Pour relever les recettes auxquelles cette épice ou ce mélange convient. Formats proposés : 50 g.","AR_FR_NATIVE_REVIEW","GitHub base catalogue names/pack sizes, no label verification","DRAFT_NOT_PUBLISHED"
"daqet-el-kebbe-hab","Spices","Whole Kibbeh Spice","داقيت ال كبة حب","Whole kibbeh spice components for grinding to suit a kibbeh recipe. Available catalogue size: 200 g.","داقيت ال كبة حب — مناسب لتتبيل الوصفات التي يتوافق معها هذا النوع من البهارات. الأحجام المتاحة: 200 غ.","Whole Kibbeh Spice — Pour relever les recettes auxquelles cette épice ou ce mélange convient. Formats proposés : 200 g.","AR_FR_NATIVE_REVIEW","GitHub base catalogue names/pack sizes, no label verification","DRAFT_NOT_PUBLISHED"
"daqet-el-kebbe-nehme","Spices","Ground Kibbeh Spice","داقيت ال كبة نعمة","Ground kibbeh seasoning for mixing into kibbeh preparations. Available catalogue size: 100 g.","داقيت ال كبة نعمة — مناسب لتتبيل الوصفات التي يتوافق معها هذا النوع من البهارات. الأحجام المتاحة: 100 غ.","Ground Kibbeh Spice — Pour relever les recettes auxquelles cette épice ou ce mélange convient. Formats proposés : 100 g.","AR_FR_NATIVE_REVIEW","GitHub base catalogue names/pack sizes, no label verification","DRAFT_NOT_PUBLISHED"
"daqet-kaak-el-abas","Spices","Abbas Kaak Spice Mix","داقيت كعك ال عباس","Abbas-style kaak spice blend for traditional kaak recipes. Available catalogue size: 100 g.","داقيت كعك ال عباس — مناسب لتتبيل الوصفات التي يتوافق معها هذا النوع من البهارات. الأحجام المتاحة: 100 غ.","Abbas Kaak Spice Mix — Pour relever les recettes auxquelles cette épice ou ce mélange convient. Formats proposés : 100 g.","AR_FR_NATIVE_REVIEW","GitHub base catalogue names/pack sizes, no label verification","DRAFT_NOT_PUBLISHED"
"hail-hab","Spices","Whole Cardamom","هيل حب","Whole cardamom pods for tea, coffee and fragrant rice dishes. Available catalogue size: 50 g.","هيل حب — مناسب لتتبيل الوصفات التي يتوافق معها هذا النوع من البهارات. الأحجام المتاحة: 50 غ.","Whole Cardamom — Pour relever les recettes auxquelles cette épice ou ce mélange convient. Formats proposés : 50 g.","AR_FR_NATIVE_REVIEW","GitHub base catalogue names/pack sizes, no label verification","DRAFT_NOT_PUBLISHED"
"hail-naem","Spices","Ground Cardamom","هيل ناعم","Ground cardamom for sweets, coffee and aromatic baking. Available catalogue size: 50 g.","هيل ناعم — مناسب لتتبيل الوصفات التي يتوافق معها هذا النوع من البهارات. الأحجام المتاحة: 50 غ.","Ground Cardamom — Pour relever les recettes auxquelles cette épice ou ce mélange convient. Formats proposés : 50 g.","AR_FR_NATIVE_REVIEW","GitHub base catalogue names/pack sizes, no label verification","DRAFT_NOT_PUBLISHED"
"har-kheshen","Spices","Coarse Hot Pepper","حار خشن","Coarsely ground hot pepper for adding texture and heat to dishes. Available catalogue size: 100 g.","حار خشن — مناسب لتتبيل الوصفات التي يتوافق معها هذا النوع من البهارات. الأحجام المتاحة: 100 غ.","Coarse Hot Pepper — Pour relever les recettes auxquelles cette épice ou ce mélange convient. Formats proposés : 100 g.","AR_FR_NATIVE_REVIEW","GitHub base catalogue names/pack sizes, no label verification","DRAFT_NOT_PUBLISHED"
"har-neeme","Spices","Fine Hot Pepper","حار نعمة","Finely ground hot pepper for evenly seasoning spicy recipes. Available catalogue size: 100 g.","حار نعمة — مناسب لتتبيل الوصفات التي يتوافق معها هذا النوع من البهارات. الأحجام المتاحة: 100 غ.","Fine Hot Pepper — Pour relever les recettes auxquelles cette épice ou ce mélange convient. Formats proposés : 100 g.","AR_FR_NATIVE_REVIEW","GitHub base catalogue names/pack sizes, no label verification","DRAFT_NOT_PUBLISHED"
"helbah-hab","Spices","Fenugreek Seeds","حلبة حب","Fenugreek seeds for recipes that specifically use their distinctive flavour. Available catalogue size: 100 g.","حلبة حب — مناسب لتتبيل الوصفات التي يتوافق معها هذا النوع من البهارات. الأحجام المتاحة: 100 غ.","Fenugreek Seeds — Pour relever les recettes auxquelles cette épice ou ce mélange convient. Formats proposés : 100 g.","AR_FR_NATIVE_REVIEW","GitHub base catalogue names/pack sizes, no label verification","DRAFT_NOT_PUBLISHED"
"jozet-el-teeb-hab","Spices","Whole Nutmeg","جوزة ال طيب حب","Whole nutmeg for grating fresh into sauces, baking and savoury dishes. Available catalogue size: 100 g.","جوزة ال طيب حب — مناسب لتتبيل الوصفات التي يتوافق معها هذا النوع من البهارات. الأحجام المتاحة: 100 غ.","Whole Nutmeg — Pour relever les recettes auxquelles cette épice ou ce mélange convient. Formats proposés : 100 g.","AR_FR_NATIVE_REVIEW","GitHub base catalogue names/pack sizes, no label verification","DRAFT_NOT_PUBLISHED"
"jozet-el-teeb-nameeh","Spices","Ground Nutmeg","جوزة ال طيب ناعمة","Ground nutmeg for creamy sauces, pastries and spice blends. Available catalogue size: 100 g.","جوزة ال طيب ناعمة — مناسب لتتبيل الوصفات التي يتوافق معها هذا النوع من البهارات. الأحجام المتاحة: 100 غ.","Ground Nutmeg — Pour relever les recettes auxquelles cette épice ou ce mélange convient. Formats proposés : 100 g.","AR_FR_NATIVE_REVIEW","GitHub base catalogue names/pack sizes, no label verification","DRAFT_NOT_PUBLISHED"
"kamoun-hab","Spices","Cumin Seeds","كمون حب","Cumin seeds for tempering, spice blends and hearty savoury dishes. Available catalogue size: 100 g.","كمون حب — مناسب لتتبيل الوصفات التي يتوافق معها هذا النوع من البهارات. الأحجام المتاحة: 100 غ.","Graines de cumin — Pour relever les recettes auxquelles cette épice ou ce mélange convient. Formats proposés : 100 g.","AR_FR_NATIVE_REVIEW","GitHub base catalogue names/pack sizes, no label verification","DRAFT_NOT_PUBLISHED"
"kamoun-neeme","Spices","Ground Cumin","كمون نعمة","Ground cumin for hummus, legumes and meat seasoning. Available catalogue size: 100 g.","كمون نعمة — مناسب لتتبيل الوصفات التي يتوافق معها هذا النوع من البهارات. الأحجام المتاحة: 100 غ.","Cumin moulu — Pour relever les recettes auxquelles cette épice ou ce mélange convient. Formats proposés : 100 g.","AR_FR_NATIVE_REVIEW","GitHub base catalogue names/pack sizes, no label verification","DRAFT_NOT_PUBLISHED"
"kary-har","Spices","Hot Curry","كاري حار","Hot curry spice blend for boldly seasoned curries and vegetable dishes. Available catalogue size: 100 g.","كاري حار — مناسب لتتبيل الوصفات التي يتوافق معها هذا النوع من البهارات. الأحجام المتاحة: 100 غ.","Hot Curry — Pour relever les recettes auxquelles cette épice ou ce mélange convient. Formats proposés : 100 g.","AR_FR_NATIVE_REVIEW","GitHub base catalogue names/pack sizes, no label verification","DRAFT_NOT_PUBLISHED"
"kary-helo","Spices","Mild Curry","كاري هيلو","Mild curry spice blend for gently spiced curries and rice dishes. Available catalogue size: 100 g.","كاري هيلو — مناسب لتتبيل الوصفات التي يتوافق معها هذا النوع من البهارات. الأحجام المتاحة: 100 غ.","Mild Curry — Pour relever les recettes auxquelles cette épice ou ce mélange convient. Formats proposés : 100 g.","AR_FR_NATIVE_REVIEW","GitHub base catalogue names/pack sizes, no label verification","DRAFT_NOT_PUBLISHED"
"korfa","Spices","Cinnamon","قرفة","Cinnamon for sweet baking, warm drinks and selected savoury dishes. Available catalogue size: 100 g.","قرفة — مناسب لتتبيل الوصفات التي يتوافق معها هذا النوع من البهارات. الأحجام المتاحة: 100 غ.","Cannelle — Pour relever les recettes auxquelles cette épice ou ce mélange convient. Formats proposés : 100 g.","AR_FR_NATIVE_REVIEW","GitHub base catalogue names/pack sizes, no label verification","DRAFT_NOT_PUBLISHED"
"korfa-cigar","Spices","Cinnamon Sticks","قرفة سيجار","Cigar-style cinnamon sticks for infusing tea, syrups and compotes. Available catalogue size: 100 g.","قرفة سيجار — مناسب لتتبيل الوصفات التي يتوافق معها هذا النوع من البهارات. الأحجام المتاحة: 100 غ.","Cinnamon Sticks — Pour relever les recettes auxquelles cette épice ou ce mélange convient. Formats proposés : 100 g.","AR_FR_NATIVE_REVIEW","GitHub base catalogue names/pack sizes, no label verification","DRAFT_NOT_PUBLISHED"
"korfa-oud","Spices","Cinnamon Sticks","قرفة عود","Cinnamon sticks for simmering with warm drinks and desserts. Available catalogue size: 100 g.","قرفة عود — مناسب لتتبيل الوصفات التي يتوافق معها هذا النوع من البهارات. الأحجام المتاحة: 100 غ.","Cinnamon Sticks — Pour relever les recettes auxquelles cette épice ou ce mélange convient. Formats proposés : 100 g.","AR_FR_NATIVE_REVIEW","GitHub base catalogue names/pack sizes, no label verification","DRAFT_NOT_PUBLISHED"
"korfa-silani","Spices","Ceylon Cinnamon","قرفة سيالني","Ceylon cinnamon for recipes that call for this cinnamon variety. Available catalogue size: 100 g.","قرفة سيالني — مناسب لتتبيل الوصفات التي يتوافق معها هذا النوع من البهارات. الأحجام المتاحة: 100 غ.","Ceylon Cinnamon — Pour relever les recettes auxquelles cette épice ou ce mélange convient. Formats proposés : 100 g.","AR_FR_NATIVE_REVIEW","GitHub base catalogue names/pack sizes, no label verification","DRAFT_NOT_PUBLISHED"
"koronfol","Spices","Cloves","قرنفل","Whole cloves for infusing rice, tea and slow-cooked dishes. Available catalogue size: 50 g.","قرنفل — مناسب لتتبيل الوصفات التي يتوافق معها هذا النوع من البهارات. الأحجام المتاحة: 50 غ.","Cloves — Pour relever les recettes auxquelles cette épice ou ce mélange convient. Formats proposés : 50 g.","AR_FR_NATIVE_REVIEW","GitHub base catalogue names/pack sizes, no label verification","DRAFT_NOT_PUBLISHED"
"kozbara-yebse-hab","Spices","Coriander Seeds","كزبرة يابسة حب","Coriander seeds for toasting and grinding into spice mixtures. Available catalogue size: 50 g.","كزبرة يابسة حب — مناسب لتتبيل الوصفات التي يتوافق معها هذا النوع من البهارات. الأحجام المتاحة: 50 غ.","Coriander Seeds — Pour relever les recettes auxquelles cette épice ou ce mélange convient. Formats proposés : 50 g.","AR_FR_NATIVE_REVIEW","GitHub base catalogue names/pack sizes, no label verification","DRAFT_NOT_PUBLISHED"
"kozbara-yebse-neeme","Spices","Ground Coriander","كزبرة يابسة نعمة","Ground coriander for soups, marinades and savoury blends. Available catalogue size: 100 g.","كزبرة يابسة نعمة — مناسب لتتبيل الوصفات التي يتوافق معها هذا النوع من البهارات. الأحجام المتاحة: 100 غ.","Ground Coriander — Pour relever les recettes auxquelles cette épice ou ce mélange convient. Formats proposés : 100 g.","AR_FR_NATIVE_REVIEW","GitHub base catalogue names/pack sizes, no label verification","DRAFT_NOT_PUBLISHED"
"krawya","Spices","Caraway","كراوية","Caraway for savoury bread, spice mixes and traditional dishes. Available catalogue size: 100 g.","كراوية — مناسب لتتبيل الوصفات التي يتوافق معها هذا النوع من البهارات. الأحجام المتاحة: 100 غ.","Caraway — Pour relever les recettes auxquelles cette épice ou ce mélange convient. Formats proposés : 100 g.","AR_FR_NATIVE_REVIEW","GitHub base catalogue names/pack sizes, no label verification","DRAFT_NOT_PUBLISHED"
"kurkum","Spices","Turmeric","كركم","Ground turmeric for bringing its earthy flavour and colour to cooking. Available catalogue size: 100 g.","كركم — مناسب لتتبيل الوصفات التي يتوافق معها هذا النوع من البهارات. الأحجام المتاحة: 100 غ.","Curcuma — Pour relever les recettes auxquelles cette épice ou ce mélange convient. Formats proposés : 100 g.","AR_FR_NATIVE_REVIEW","GitHub base catalogue names/pack sizes, no label verification","DRAFT_NOT_PUBLISHED"
"kurkum-hab","Spices","Whole Turmeric","كركم حب","Whole turmeric pieces for preparations that call for turmeric in this form. Available catalogue size: 100 g.","كركم حب — مناسب لتتبيل الوصفات التي يتوافق معها هذا النوع من البهارات. الأحجام المتاحة: 100 غ.","Whole Turmeric — Pour relever les recettes auxquelles cette épice ou ce mélange convient. Formats proposés : 100 g.","AR_FR_NATIVE_REVIEW","GitHub base catalogue names/pack sizes, no label verification","DRAFT_NOT_PUBLISHED"
"louban-el-dakar","Spices","Frankincense","لبان ال ذكر","Frankincense resin; confirm botanical grade and intended use before preparation. Available catalogue size: 50 g.","لبان ال ذكر — مناسب لتتبيل الوصفات التي يتوافق معها هذا النوع من البهارات. الأحجام المتاحة: 50 غ.","Frankincense — Pour relever les recettes auxquelles cette épice ou ce mélange convient. Formats proposés : 50 g.","AR_FR_NATIVE_REVIEW","GitHub base catalogue names/pack sizes, no label verification","DRAFT_NOT_PUBLISHED"
"loumi","Spices","Dried Lime","لومي","Whole dried lime for adding a tangy aromatic note to rice and stews. Available catalogue size: 50 g.","لومي — مناسب لتتبيل الوصفات التي يتوافق معها هذا النوع من البهارات. الأحجام المتاحة: 50 غ.","Dried Lime — Pour relever les recettes auxquelles cette épice ou ce mélange convient. Formats proposés : 50 g.","AR_FR_NATIVE_REVIEW","GitHub base catalogue names/pack sizes, no label verification","DRAFT_NOT_PUBLISHED"
"loumi-mathoun","Spices","Ground Dried Lime","لومي مطحون","Ground dried lime for a tart finish in rice, sauces and seasoning mixes. Available catalogue size: 100 g.","لومي مطحون — مناسب لتتبيل الوصفات التي يتوافق معها هذا النوع من البهارات. الأحجام المتاحة: 100 غ.","Ground Dried Lime — Pour relever les recettes auxquelles cette épice ou ce mélange convient. Formats proposés : 100 g.","AR_FR_NATIVE_REVIEW","GitHub base catalogue names/pack sizes, no label verification","DRAFT_NOT_PUBLISHED"
"mahlab","Spices","Mahleb","محلب","Mahleb for aromatic sweet breads, maamoul and festive baking. Available catalogue size: 50 g.","محلب — مناسب لتتبيل الوصفات التي يتوافق معها هذا النوع من البهارات. الأحجام المتاحة: 50 غ.","Mahleb — Pour relever les recettes auxquelles cette épice ou ce mélange convient. Formats proposés : 50 g.","AR_FR_NATIVE_REVIEW","GitHub base catalogue names/pack sizes, no label verification","DRAFT_NOT_PUBLISHED"
"paprika","Spices","Paprika","بابريكا","Paprika for seasoning potatoes, poultry and savoury sauces. Available catalogue size: 100 g.","بابريكا — مناسب لتتبيل الوصفات التي يتوافق معها هذا النوع من البهارات. الأحجام المتاحة: 100 غ.","Paprika — Pour relever les recettes auxquelles cette épice ou ce mélange convient. Formats proposés : 100 g.","AR_FR_NATIVE_REVIEW","GitHub base catalogue names/pack sizes, no label verification","DRAFT_NOT_PUBLISHED"
"paprika-mdakhane","Spices","Paprika Mdakhane","بابريكا مدخنة","Smoked paprika for adding smoky flavour to marinades and cooked dishes. Available catalogue size: 100 g.","بابريكا مدخنة — مناسب لتتبيل الوصفات التي يتوافق معها هذا النوع من البهارات. الأحجام المتاحة: 100 غ.","Paprika fumé — Pour relever les recettes auxquelles cette épice ou ce mélange convient. Formats proposés : 100 g.","AR_FR_NATIVE_REVIEW","GitHub base catalogue names/pack sizes, no label verification","DRAFT_NOT_PUBLISHED"
"sabaa-bharat","Spices","Seven Spice","سبع بهارات","Seven-spice blend for meat fillings, rice, stews and Lebanese recipes. Available catalogue size: 100 g.","سبع بهارات — مناسب لتتبيل الوصفات التي يتوافق معها هذا النوع من البهارات. الأحجام المتاحة: 100 غ.","Mélange sept épices — Pour relever les recettes auxquelles cette épice ou ce mélange convient. Formats proposés : 100 g.","AR_FR_NATIVE_REVIEW","GitHub base catalogue names/pack sizes, no label verification","DRAFT_NOT_PUBLISHED"
"semaq","Spices","Sumac","سماق","Sumac for fattoush, onion salads and a tart finishing seasoning. Available catalogue sizes: 1 kg / 250 g / 500 g.","سماق — مناسب لتتبيل الوصفات التي يتوافق معها هذا النوع من البهارات. الأحجام المتاحة: 1 كغ / 250 غ / 500 غ.","Sumac — Pour relever les recettes auxquelles cette épice ou ce mélange convient. Formats proposés : 1 kg / 250 g / 500 g.","AR_FR_NATIVE_REVIEW","GitHub base catalogue names/pack sizes, no label verification","DRAFT_NOT_PUBLISHED"
"shoumar-hab","Spices","Fennel Seeds","شومر حب","Fennel seeds for bread, spice blends and infusions. Available catalogue size: 100 g.","شومر حب — مناسب لتتبيل الوصفات التي يتوافق معها هذا النوع من البهارات. الأحجام المتاحة: 100 غ.","Fennel Seeds — Pour relever les recettes auxquelles cette épice ou ce mélange convient. Formats proposés : 100 g.","AR_FR_NATIVE_REVIEW","GitHub base catalogue names/pack sizes, no label verification","DRAFT_NOT_PUBLISHED"
"shoumar-neeme","Spices","Ground Fennel","شومر نعمة","Ground fennel for evenly seasoning recipes that call for fennel. Available catalogue size: 100 g.","شومر نعمة — مناسب لتتبيل الوصفات التي يتوافق معها هذا النوع من البهارات. الأحجام المتاحة: 100 غ.","Ground Fennel — Pour relever les recettes auxquelles cette épice ou ce mélange convient. Formats proposés : 100 g.","AR_FR_NATIVE_REVIEW","GitHub base catalogue names/pack sizes, no label verification","DRAFT_NOT_PUBLISHED"
"vanilla","Spices","Vanilla","فانيال","Vanilla for cakes, custards and sweet baking; check its exact product form. Available catalogue size: 25 g.","فانيال — مناسب لتتبيل الوصفات التي يتوافق معها هذا النوع من البهارات. الأحجام المتاحة: 25 غ.","Vanilla — Pour relever les recettes auxquelles cette épice ou ce mélange convient. Formats proposés : 25 g.","AR_FR_NATIVE_REVIEW","GitHub base catalogue names/pack sizes, no label verification","DRAFT_NOT_PUBLISHED"
"yansoun-hab","Spices","Anise Seeds","يانسون حب","Anise seeds for warm infusions and aromatic baking. Available catalogue size: 100 g.","يانسون حب — مناسب لتتبيل الوصفات التي يتوافق معها هذا النوع من البهارات. الأحجام المتاحة: 100 غ.","Anise Seeds — Pour relever les recettes auxquelles cette épice ou ce mélange convient. Formats proposés : 100 g.","AR_FR_NATIVE_REVIEW","GitHub base catalogue names/pack sizes, no label verification","DRAFT_NOT_PUBLISHED"
"yansoun-najmeh","Spices","Star Anise","يانسون نجمة","Star anise for infusing syrups, broths and warm drinks. Available catalogue size: 100 g.","يانسون نجمة — مناسب لتتبيل الوصفات التي يتوافق معها هذا النوع من البهارات. الأحجام المتاحة: 100 غ.","Star Anise — Pour relever les recettes auxquelles cette épice ou ce mélange convient. Formats proposés : 100 g.","AR_FR_NATIVE_REVIEW","GitHub base catalogue names/pack sizes, no label verification","DRAFT_NOT_PUBLISHED"
"zanjabeel","Spices","Ginger","زنجبيل","Ginger spice for savoury cooking, baking and hot drinks. Available catalogue size: 100 g.","زنجبيل — مناسب لتتبيل الوصفات التي يتوافق معها هذا النوع من البهارات. الأحجام المتاحة: 100 غ.","Gingembre — Pour relever les recettes auxquelles cette épice ou ce mélange convient. Formats proposés : 100 g.","AR_FR_NATIVE_REVIEW","GitHub base catalogue names/pack sizes, no label verification","DRAFT_NOT_PUBLISHED"
"bonbon","Sweets + Candy","Bonbon","بونبون","Bonbon confectionery; consult the pack for flavour assortment and allergens. Available catalogue sizes: 1 kg / 200 g.","بونبون — من تشكيلة الحلويات؛ يُرجى مراجعة العبوة لمعرفة النكهات والمكوّنات ومسبّبات الحساسية. الأحجام المتاحة: 1 كغ / 200 غ.","Bonbon — Une douceur de notre sélection ; consultez l'emballage pour les arômes, les ingrédients et les allergènes. Formats proposés : 1 kg / 200 g.","AR_FR_NATIVE_REVIEW","GitHub base catalogue names/pack sizes, no label verification","DRAFT_NOT_PUBLISHED"
"sabo","Sweets + Candy","Sabo","سابو","Sabo sweet listed under its brand name; product identity and ingredients need confirmation. Available catalogue sizes: 100 g / 500 g.","سابو — من تشكيلة الحلويات؛ يُرجى مراجعة العبوة لمعرفة النكهات والمكوّنات ومسبّبات الحساسية. الأحجام المتاحة: 100 غ / 500 غ.","Sabo — Une douceur de notre sélection ; consultez l'emballage pour les arômes, les ingrédients et les allergènes. Formats proposés : 100 g / 500 g.","VERIFY_PRODUCT_IDENTITY_OR_LABEL;AR_FR_NATIVE_REVIEW","GitHub base catalogue names/pack sizes, no label verification","DRAFT_NOT_PUBLISHED"
"hamod-el-hosrum-beqaa","Vinegars","Bekaa Verjuice","حامض ال حصرم البقاع","Bekaa verjuice for adding sharp acidity to salads, stews and marinades. Available catalogue size: 500 ml.","حامض ال حصرم البقاع — مناسب لتتبيل السلطات والصلصات والأطعمة المالحة. الأحجام المتاحة: 500 مل.","Verjus de la Békaa — Pour les vinaigrettes, marinades et plats salés. Formats proposés : 500 ml.","AR_FR_NATIVE_REVIEW","GitHub base catalogue names/pack sizes, no label verification","DRAFT_NOT_PUBLISHED"
"hamod-el-hosrum-koura","Vinegars","Koura Verjuice","حامض ال حصرم الكورة","Koura verjuice for dressings, cooked greens and sour savoury dishes. Available catalogue size: 500 ml.","حامض ال حصرم الكورة — مناسب لتتبيل السلطات والصلصات والأطعمة المالحة. الأحجام المتاحة: 500 مل.","Verjus de Koura — Pour les vinaigrettes, marinades et plats salés. Formats proposés : 500 ml.","AR_FR_NATIVE_REVIEW","GitHub base catalogue names/pack sizes, no label verification","DRAFT_NOT_PUBLISHED"
"honey-vingar","Vinegars","Honey Vinegar","عسل خل","Honey vinegar for salad dressings and tangy sauces. Available catalogue size: 250 ml.","عسل خل — مناسب لتتبيل السلطات والصلصات والأطعمة المالحة. الأحجام المتاحة: 250 مل.","Honey Vinegar — Pour les vinaigrettes, marinades et plats salés. Formats proposés : 250 ml.","AR_FR_NATIVE_REVIEW","GitHub base catalogue names/pack sizes, no label verification","DRAFT_NOT_PUBLISHED"
"khal-el-enab","Vinegars","Grape Vinegar","خل ال عنب","Grape vinegar for dressings, marinades and pickling. Available catalogue size: 500 ml.","خل ال عنب — مناسب لتتبيل السلطات والصلصات والأطعمة المالحة. الأحجام المتاحة: 500 مل.","Vinaigre de raisin — Pour les vinaigrettes, marinades et plats salés. Formats proposés : 500 ml.","AR_FR_NATIVE_REVIEW","GitHub base catalogue names/pack sizes, no label verification","DRAFT_NOT_PUBLISHED"
"khal-el-tefeh","Vinegars","Apple Vinegar","خل ال تفاح","Apple vinegar for dressings, marinades and everyday cooking. Available catalogue size: 500 ml.","خل ال تفاح — مناسب لتتبيل السلطات والصلصات والأطعمة المالحة. الأحجام المتاحة: 500 مل.","Vinaigre de pomme — Pour les vinaigrettes, marinades et plats salés. Formats proposés : 500 ml.","AR_FR_NATIVE_REVIEW","GitHub base catalogue names/pack sizes, no label verification","DRAFT_NOT_PUBLISHED"
