"id","category","english_name","arabic_name_source","source_original","verified_french_name","catalogue_sizes","exact_photo_mapped","base_description_exists","live_override_state_20261010","review_flags","recommended_english_query","recommended_arabic_query","recommended_french_category_query","canonical_product_url"
"baking-powder","Condiments","Baking Powder","بيكنغ باودر","BAKING POWDER","","100 g","true","false","base","ARABIC_BIDI_CONTROLS; FRENCH_NAME_UNVERIFIED; NO_BASE_PRODUCT_DESCRIPTION","Baking Powder Condiments","بيكنغ باودر مواد غذائية","condiments","https://zaytwmouneh.com/product/baking-powder"
"brown-sugar","Condiments","Brown Sugar","سكر بين","BROWN SUGAR","","1 kg","true","false","base","ARABIC_BIDI_CONTROLS; FRENCH_NAME_UNVERIFIED; NO_BASE_PRODUCT_DESCRIPTION","Brown Sugar Condiments","سكر بين مواد غذائية","condiments","https://zaytwmouneh.com/product/brown-sugar"
"carbonate","Condiments","Carbonate","كربونات","CARBONATE","","200 g","false","false","base","NO_EXACT_PHOTO; ARABIC_BIDI_CONTROLS; FRENCH_NAME_UNVERIFIED; NO_BASE_PRODUCT_DESCRIPTION","Carbonate Condiments","كربونات مواد غذائية","condiments","https://zaytwmouneh.com/product/carbonate"
"chinese-salt","Condiments","Chinese Salt","صيين ملح","CHINESE SALT","","100 g","true","false","base","ARABIC_BIDI_CONTROLS; FRENCH_NAME_UNVERIFIED; NO_BASE_PRODUCT_DESCRIPTION","Chinese Salt Condiments","صيين ملح مواد غذائية","condiments","https://zaytwmouneh.com/product/chinese-salt"
"hamod-el-laymoun","Condiments","Citric Acid (Lemon Salt)","حامض ال ليمون","HAMOD EL LAYMOUN","","100 g","false","false","base","NO_EXACT_PHOTO; ARABIC_BIDI_CONTROLS; FRENCH_NAME_UNVERIFIED; NO_BASE_PRODUCT_DESCRIPTION","Citric Acid (Lemon Salt) Condiments","حامض ال ليمون مواد غذائية","condiments","https://zaytwmouneh.com/product/hamod-el-laymoun"
"himalaya-salt","Condiments","Himalayan Salt","ملح الهيمااليا","HIMALAYA SALT","","500 g","true","false","base","ARABIC_BIDI_CONTROLS; FRENCH_NAME_UNVERIFIED; NO_BASE_PRODUCT_DESCRIPTION","Himalayan Salt Condiments","ملح الهيمااليا مواد غذائية","condiments","https://zaytwmouneh.com/product/himalaya-salt"
"icing-sugar","Condiments","Icing Sugar","سكر بودرة","ICING SUGAR","","1 kg","true","false","base","ARABIC_BIDI_CONTROLS; FRENCH_NAME_UNVERIFIED; NO_BASE_PRODUCT_DESCRIPTION","Icing Sugar Condiments","سكر بودرة مواد غذائية","condiments","https://zaytwmouneh.com/product/icing-sugar"
"iodized-salt","Condiments","Iodized Salt","ملح معالج باليود","IODIZED SALT","","1 kg","true","false","base","ARABIC_BIDI_CONTROLS; FRENCH_NAME_UNVERIFIED; NO_BASE_PRODUCT_DESCRIPTION","Iodized Salt Condiments","ملح معالج باليود مواد غذائية","condiments","https://zaytwmouneh.com/product/iodized-salt"
"pakmaya-yeast","Condiments","Pakmaya Yeast","باكمايا خمرية","PAKMAYA YEAST","","450 g","false","false","base","NO_EXACT_PHOTO; ARABIC_BIDI_CONTROLS; FRENCH_NAME_UNVERIFIED; NO_BASE_PRODUCT_DESCRIPTION","Pakmaya Yeast Condiments","باكمايا خمرية مواد غذائية","condiments","https://zaytwmouneh.com/product/pakmaya-yeast"
"sea-salt","Condiments","Sea Salt","بحري ملح","SEA SALT","","1 kg","true","false","base","ARABIC_BIDI_CONTROLS; FRENCH_NAME_UNVERIFIED; NO_BASE_PRODUCT_DESCRIPTION","Sea Salt Condiments","بحري ملح مواد غذائية","condiments","https://zaytwmouneh.com/product/sea-salt"
"secar-nabat","Condiments","Rock Sugar","سكر نبات","SECAR NABAT","","200 g; 400 g","true","false","base","DUPLICATE_EN_NAME; ARABIC_BIDI_CONTROLS; FRENCH_NAME_UNVERIFIED; NO_BASE_PRODUCT_DESCRIPTION","Rock Sugar Condiments","سكر نبات مواد غذائية","condiments","https://zaytwmouneh.com/product/secar-nabat"
"sekar-nabet","Condiments","Rock Sugar","سكر نبات","SEKAR NABET","","200 g","true","false","hidden","DUPLICATE_EN_NAME; ARABIC_BIDI_CONTROLS; FRENCH_NAME_UNVERIFIED; NO_BASE_PRODUCT_DESCRIPTION; HIDDEN_IN_LIVE_OVERRIDES","Rock Sugar Condiments","سكر نبات مواد غذائية","condiments","https://zaytwmouneh.com/product/sekar-nabet"
"white-sugar","Condiments","White Sugar","سكر أبيض","WHITE SUGAR","","1 kg; 2 kg","false","false","base","NO_EXACT_PHOTO; ARABIC_BIDI_CONTROLS; FRENCH_NAME_UNVERIFIED; NO_BASE_PRODUCT_DESCRIPTION","White Sugar Condiments","سكر أبيض مواد غذائية","condiments","https://zaytwmouneh.com/product/white-sugar"
"date-paste","Dates","Date Paste","معجون تمر","DATE PASTE","","900 g","true","false","base","ARABIC_BIDI_CONTROLS; FRENCH_NAME_UNVERIFIED; NO_BASE_PRODUCT_DESCRIPTION","Date Paste Dates","معجون تمر تمر","dattes","https://zaytwmouneh.com/product/date-paste"
"bisco-choco","Debsy Carob","Bisco Choco","بيسكو شوكوالتة","BISCO CHOCO","","300 g","true","false","base","ARABIC_BIDI_CONTROLS; FRENCH_NAME_UNVERIFIED; NO_BASE_PRODUCT_DESCRIPTION","Bisco Choco Debsy Carob","بيسكو شوكوالتة خروب ودبس","caroube","https://zaytwmouneh.com/product/bisco-choco"
"caramel-craze","Debsy Carob","Caramel Craze","كراميل كريز","CARAMEL CRAZE","","Size not listed","true","false","base","ARABIC_BIDI_CONTROLS; FRENCH_NAME_UNVERIFIED; NO_BASE_PRODUCT_DESCRIPTION","Caramel Craze Debsy Carob","كراميل كريز خروب ودبس","caroube","https://zaytwmouneh.com/product/caramel-craze"
"carob-biscuit","Debsy Carob","Carob Biscuit","خروب بسكويت","CAROB BISCUIT","","260 g","true","false","base","ARABIC_BIDI_CONTROLS; FRENCH_NAME_UNVERIFIED; NO_BASE_PRODUCT_DESCRIPTION","Carob Biscuit Debsy Carob","خروب بسكويت خروب ودبس","caroube","https://zaytwmouneh.com/product/carob-biscuit"
"carob-cookies","Debsy Carob","Carob Cookies","خروب كوكزي","CAROB COOKIES","","260 g","true","false","base","ARABIC_BIDI_CONTROLS; FRENCH_NAME_UNVERIFIED; NO_BASE_PRODUCT_DESCRIPTION","Carob Cookies Debsy Carob","خروب كوكزي خروب ودبس","caroube","https://zaytwmouneh.com/product/carob-cookies"
"carob-date-bites","Debsy Carob","Carob Date Bites","خروب تمر لقيمات","CAROB DATE BITES","","250 g","true","false","base","ARABIC_BIDI_CONTROLS; FRENCH_NAME_UNVERIFIED; NO_BASE_PRODUCT_DESCRIPTION","Carob Date Bites Debsy Carob","خروب تمر لقيمات خروب ودبس","caroube","https://zaytwmouneh.com/product/carob-date-bites"
"carob-maacroun","Debsy Carob","Carob Maacroun","خروب معكرون","CAROB MAACROUN","","250 g","true","false","base","ARABIC_BIDI_CONTROLS; FRENCH_NAME_UNVERIFIED; NO_BASE_PRODUCT_DESCRIPTION","Carob Maacroun Debsy Carob","خروب معكرون خروب ودبس","caroube","https://zaytwmouneh.com/product/carob-maacroun"
"carob-molasses-glass-jar","Debsy Carob","Carob Molasses Glass Jar","دبس الخروب زجاج مرطبان","CAROB MOLASSES GLASS JAR","","1 kg; 500 g","true","false","base","ARABIC_BIDI_CONTROLS; FRENCH_NAME_UNVERIFIED; NO_BASE_PRODUCT_DESCRIPTION","Carob Molasses Glass Jar Debsy Carob","دبس الخروب زجاج مرطبان خروب ودبس","caroube","https://zaytwmouneh.com/product/carob-molasses-glass-jar"
"carob-molasses-plastic-jar","Debsy Carob","Carob Molasses Plastic Jar","دبس الخروب بالستيك مرطبان","CAROB MOLASSES PLASTIC JAR","","1 kg","true","false","base","ARABIC_BIDI_CONTROLS; FRENCH_NAME_UNVERIFIED; NO_BASE_PRODUCT_DESCRIPTION","Carob Molasses Plastic Jar Debsy Carob","دبس الخروب بالستيك مرطبان خروب ودبس","caroube","https://zaytwmouneh.com/product/carob-molasses-plastic-jar"
"carobella","Debsy Carob","Carobella","كاروبيال","CAROBELLA","","260 g","true","false","base","ARABIC_BIDI_CONTROLS; FRENCH_NAME_UNVERIFIED; NO_BASE_PRODUCT_DESCRIPTION","Carobella Debsy Carob","كاروبيال خروب ودبس","caroube","https://zaytwmouneh.com/product/carobella"
"cherry-craze","Debsy Carob","Cherry Craze","كرز كريز","CHERRY CRAZE","","Size not listed","true","false","base","ARABIC_BIDI_CONTROLS; FRENCH_NAME_UNVERIFIED; NO_BASE_PRODUCT_DESCRIPTION","Cherry Craze Debsy Carob","كرز كريز خروب ودبس","caroube","https://zaytwmouneh.com/product/cherry-craze"
"choco-cookies","Debsy Carob","Choco Cookies","شوكوالتة كوكزي","CHOCO COOKIES","","260 g","true","false","base","ARABIC_BIDI_CONTROLS; FRENCH_NAME_UNVERIFIED; NO_BASE_PRODUCT_DESCRIPTION","Choco Cookies Debsy Carob","شوكوالتة كوكزي خروب ودبس","caroube","https://zaytwmouneh.com/product/choco-cookies"
"choco-peanut-cookies","Debsy Carob","Choco Peanut Cookies","شوكوالتة فول سوداني كوكزي","CHOCO PEANUT COOKIES","","370 g","true","false","base","ARABIC_BIDI_CONTROLS; FRENCH_NAME_UNVERIFIED; NO_BASE_PRODUCT_DESCRIPTION","Choco Peanut Cookies Debsy Carob","شوكوالتة فول سوداني كوكزي خروب ودبس","caroube","https://zaytwmouneh.com/product/choco-peanut-cookies"
"chocopeas","Debsy Carob","Chocopeas","شوكوبزي","CHOCOPEAS","","300 g","true","false","base","ARABIC_BIDI_CONTROLS; FRENCH_NAME_UNVERIFIED; NO_BASE_PRODUCT_DESCRIPTION","Chocopeas Debsy Carob","شوكوبزي خروب ودبس","caroube","https://zaytwmouneh.com/product/chocopeas"
"coconut-cookies","Debsy Carob","Coconut Cookies","جوز هند كوكزي","COCONUT COOKIES","","260 g","true","false","base","ARABIC_BIDI_CONTROLS; FRENCH_NAME_UNVERIFIED; NO_BASE_PRODUCT_DESCRIPTION","Coconut Cookies Debsy Carob","جوز هند كوكزي خروب ودبس","caroube","https://zaytwmouneh.com/product/coconut-cookies"
"cocount-carob-balls","Debsy Carob","Coconut Carob Balls","جوز هند خروب كرات","COCOUNT CAROB BALLS","","270 g","true","false","base","ARABIC_BIDI_CONTROLS; FRENCH_NAME_UNVERIFIED; NO_BASE_PRODUCT_DESCRIPTION","Coconut Carob Balls Debsy Carob","جوز هند خروب كرات خروب ودبس","caroube","https://zaytwmouneh.com/product/cocount-carob-balls"
"craze-control","Debsy Carob","Craze Control","كريز كنرتول","CRAZE CONTROL","","Size not listed","true","false","base","ARABIC_BIDI_CONTROLS; FRENCH_NAME_UNVERIFIED; NO_BASE_PRODUCT_DESCRIPTION","Craze Control Debsy Carob","كريز كنرتول خروب ودبس","caroube","https://zaytwmouneh.com/product/craze-control"
"crunchy-craze","Debsy Carob","Crunchy Craze","مقرمش كريز","CRUNCHY CRAZE","","Size not listed","true","false","base","ARABIC_BIDI_CONTROLS; FRENCH_NAME_UNVERIFIED; NO_BASE_PRODUCT_DESCRIPTION","Crunchy Craze Debsy Carob","مقرمش كريز خروب ودبس","caroube","https://zaytwmouneh.com/product/crunchy-craze"
"crunchy-seeds","Debsy Carob","Crunchy Seeds","مقرمش بذور","CRUNCHY SEEDS","","210 g","true","false","base","ARABIC_BIDI_CONTROLS; FRENCH_NAME_UNVERIFIED; NO_BASE_PRODUCT_DESCRIPTION","Crunchy Seeds Debsy Carob","مقرمش بذور خروب ودبس","caroube","https://zaytwmouneh.com/product/crunchy-seeds"
"debsy-pretzy","Debsy Carob","Debsy Pretzy","دبيس بريزتي","DEBSY PRETZY","","Size not listed","true","false","base","ARABIC_BIDI_CONTROLS; FRENCH_NAME_UNVERIFIED; NO_BASE_PRODUCT_DESCRIPTION","Debsy Pretzy Debsy Carob","دبيس بريزتي خروب ودبس","caroube","https://zaytwmouneh.com/product/debsy-pretzy"
"ginger-biscuit","Debsy Carob","Ginger Biscuit","زنجبيل بسكويت","GINGER BISCUIT","","240 g","true","false","base","ARABIC_BIDI_CONTROLS; FRENCH_NAME_UNVERIFIED; NO_BASE_PRODUCT_DESCRIPTION","Ginger Biscuit Debsy Carob","زنجبيل بسكويت خروب ودبس","caroube","https://zaytwmouneh.com/product/ginger-biscuit"
"hazelnut-craze","Debsy Carob","Hazelnut Craze","بندق كريز","HAZELNUT CRAZE","","Size not listed","true","false","base","ARABIC_BIDI_CONTROLS; FRENCH_NAME_UNVERIFIED; NO_BASE_PRODUCT_DESCRIPTION","Hazelnut Craze Debsy Carob","بندق كريز خروب ودبس","caroube","https://zaytwmouneh.com/product/hazelnut-craze"
"mix-and-eat-chickpeas","Debsy Carob","Mix and Eat Chickpeas","خلطة و أكل حمص","MIX AND EAT CHICKPEAS","","300 g","true","false","base","ARABIC_BIDI_CONTROLS; FRENCH_NAME_UNVERIFIED; NO_BASE_PRODUCT_DESCRIPTION","Mix and Eat Chickpeas Debsy Carob","خلطة و أكل حمص خروب ودبس","caroube","https://zaytwmouneh.com/product/mix-and-eat-chickpeas"
"nutty-bites","Debsy Carob","Nutty Bites","مكسرات لقيمات","NUTTY BITES","","Size not listed","true","false","base","ARABIC_BIDI_CONTROLS; FRENCH_NAME_UNVERIFIED; NO_BASE_PRODUCT_DESCRIPTION","Nutty Bites Debsy Carob","مكسرات لقيمات خروب ودبس","caroube","https://zaytwmouneh.com/product/nutty-bites"
"oat-kaak-with-cheese","Debsy Carob","Oat Kaak with Cheese","شوفان كعك مع جبنة","OAT KAAK WITH CHEESE","","220 g","true","false","base","ARABIC_BIDI_CONTROLS; FRENCH_NAME_UNVERIFIED; NO_BASE_PRODUCT_DESCRIPTION","Oat Kaak with Cheese Debsy Carob","شوفان كعك مع جبنة خروب ودبس","caroube","https://zaytwmouneh.com/product/oat-kaak-with-cheese"
"oat-kaak-with-sesame","Debsy Carob","Oat Kaak with Sesame","شوفان كعك مع سمسم","OAT KAAK WITH SESAME","","210 g","true","false","base","ARABIC_BIDI_CONTROLS; FRENCH_NAME_UNVERIFIED; NO_BASE_PRODUCT_DESCRIPTION","Oat Kaak with Sesame Debsy Carob","شوفان كعك مع سمسم خروب ودبس","caroube","https://zaytwmouneh.com/product/oat-kaak-with-sesame"
"oat-kaak-with-sunflower-seeds","Debsy Carob","Oat Kaak with Sunflower Seeds","شوفان كعك مع بذور دوار الشمس","OAT KAAK WITH SUNFLOWER SEEDS","","240 g","true","false","base","ARABIC_BIDI_CONTROLS; FRENCH_NAME_UNVERIFIED; NO_BASE_PRODUCT_DESCRIPTION","Oat Kaak with Sunflower Seeds Debsy Carob","شوفان كعك مع بذور دوار الشمس خروب ودبس","caroube","https://zaytwmouneh.com/product/oat-kaak-with-sunflower-seeds"
"oat-kaak-with-thyme","Debsy Carob","Oat Kaak with Thyme","شوفان كعك مع زعرت","OAT KAAK WITH THYME","","220 g","true","false","base","ARABIC_BIDI_CONTROLS; FRENCH_NAME_UNVERIFIED; NO_BASE_PRODUCT_DESCRIPTION","Oat Kaak with Thyme Debsy Carob","شوفان كعك مع زعرت خروب ودبس","caroube","https://zaytwmouneh.com/product/oat-kaak-with-thyme"
"oatmeal-cookies","Debsy Carob","Oatmeal Cookies","شوفان كوكزي","OATMEAL COOKIES","","150 g","true","false","base","ARABIC_BIDI_CONTROLS; FRENCH_NAME_UNVERIFIED; NO_BASE_PRODUCT_DESCRIPTION","Oatmeal Cookies Debsy Carob","شوفان كوكزي خروب ودبس","caroube","https://zaytwmouneh.com/product/oatmeal-cookies"
"peanut-butter-and-molasses","Debsy Carob","Peanut Butter and Molasses","زبدة الفول السوداني و دبس","PEANUT BUTTER AND MOLASSES","","360 g","true","false","base","ARABIC_BIDI_CONTROLS; FRENCH_NAME_UNVERIFIED; NO_BASE_PRODUCT_DESCRIPTION","Peanut Butter and Molasses Debsy Carob","زبدة الفول السوداني و دبس خروب ودبس","caroube","https://zaytwmouneh.com/product/peanut-butter-and-molasses"
"peanuts-carob-bar","Debsy Carob","Peanuts Carob Bar","فول سوداني خروب لوح","PEANUTS CAROB BAR","","300 g","false","false","base","NO_EXACT_PHOTO; ARABIC_BIDI_CONTROLS; FRENCH_NAME_UNVERIFIED; NO_BASE_PRODUCT_DESCRIPTION","Peanuts Carob Bar Debsy Carob","فول سوداني خروب لوح خروب ودبس","caroube","https://zaytwmouneh.com/product/peanuts-carob-bar"
"raisin-cookies","Debsy Carob","Raisin Cookies","زبيب كوكزي","RAISIN COOKIES","","260 g","true","false","base","ARABIC_BIDI_CONTROLS; FRENCH_NAME_UNVERIFIED; NO_BASE_PRODUCT_DESCRIPTION","Raisin Cookies Debsy Carob","زبيب كوكزي خروب ودبس","caroube","https://zaytwmouneh.com/product/raisin-cookies"
"ricky-ricardo","Debsy Carob","Ricky Ricardo","ريكي ريكاردو","RICKY RICARDO","","190 g","true","false","base","ARABIC_BIDI_CONTROLS; FRENCH_NAME_UNVERIFIED; NO_BASE_PRODUCT_DESCRIPTION","Ricky Ricardo Debsy Carob","ريكي ريكاردو خروب ودبس","caroube","https://zaytwmouneh.com/product/ricky-ricardo"
"sesame-carob-bar","Debsy Carob","Sesame Carob Bar","سمسم خروب لوح","SESAME CAROB BAR","","250 g","true","false","base","ARABIC_BIDI_CONTROLS; FRENCH_NAME_UNVERIFIED; NO_BASE_PRODUCT_DESCRIPTION","Sesame Carob Bar Debsy Carob","سمسم خروب لوح خروب ودبس","caroube","https://zaytwmouneh.com/product/sesame-carob-bar"
"sesame-cookies","Debsy Carob","Sesame Cookies","سمسم كوكزي","SESAME COOKIES","","260 g","true","false","base","ARABIC_BIDI_CONTROLS; FRENCH_NAME_UNVERIFIED; NO_BASE_PRODUCT_DESCRIPTION","Sesame Cookies Debsy Carob","سمسم كوكزي خروب ودبس","caroube","https://zaytwmouneh.com/product/sesame-cookies"
"tahini","Debsy Carob","Tahini","طحينة","TAHINI","","600 g","true","false","base","ARABIC_BIDI_CONTROLS; FRENCH_NAME_UNVERIFIED; NO_BASE_PRODUCT_DESCRIPTION","Tahini Debsy Carob","طحينة خروب ودبس","caroube","https://zaytwmouneh.com/product/tahini"
"jeleb","Distillates + Syrups","Jallab Syrup","جالب","JELEB","","1 L; 500 ml","true","false","base","ARABIC_BIDI_CONTROLS; FRENCH_NAME_UNVERIFIED; NO_BASE_PRODUCT_DESCRIPTION","Jallab Syrup Distillates + Syrups","جالب شراب ومقطرات","sirops et distillats","https://zaytwmouneh.com/product/jeleb"
"maa-ward","Distillates + Syrups","Rose Water","ماء ورد","MAA WARD","","500 ml","true","false","base","ARABIC_BIDI_CONTROLS; FRENCH_NAME_UNVERIFIED; NO_BASE_PRODUCT_DESCRIPTION","Rose Water Distillates + Syrups","ماء ورد شراب ومقطرات","sirops et distillats","https://zaytwmouneh.com/product/maa-ward"
"maa-zaher","Distillates + Syrups","Orange Blossom Water","ماء زهر","MAA ZAHER","","500 ml","true","false","base","ARABIC_BIDI_CONTROLS; FRENCH_NAME_UNVERIFIED; NO_BASE_PRODUCT_DESCRIPTION","Orange Blossom Water Distillates + Syrups","ماء زهر شراب ومقطرات","sirops et distillats","https://zaytwmouneh.com/product/maa-zaher"
"makatar-asiin","Distillates + Syrups","Myrtle Distillate","مقطر آس","MAKATAR ASIIN","","500 ml","true","false","base","ARABIC_BIDI_CONTROLS; FRENCH_NAME_UNVERIFIED; NO_BASE_PRODUCT_DESCRIPTION","Myrtle Distillate Distillates + Syrups","مقطر آس شراب ومقطرات","sirops et distillats","https://zaytwmouneh.com/product/makatar-asiin"
"makatar-zaarour","Distillates + Syrups","Hawthorn Distillate","مقطر زعرور","MAKATAR ZAAROUR","","500 ml","true","false","base","ARABIC_BIDI_CONTROLS; FRENCH_NAME_UNVERIFIED; NO_BASE_PRODUCT_DESCRIPTION","Hawthorn Distillate Distillates + Syrups","مقطر زعرور شراب ومقطرات","sirops et distillats","https://zaytwmouneh.com/product/makatar-zaarour"
"makatar-zaatar","Distillates + Syrups","Thyme Distillate","مقطر زعرت","MAKATAR ZAATAR","","500 ml","true","false","base","ARABIC_BIDI_CONTROLS; FRENCH_NAME_UNVERIFIED; NO_BASE_PRODUCT_DESCRIPTION","Thyme Distillate Distillates + Syrups","مقطر زعرت شراب ومقطرات","sirops et distillats","https://zaytwmouneh.com/product/makatar-zaatar"
"sharab-el-tout","Distillates + Syrups","Mulberry Syrup","شراب ال توت","SHARAB EL TOUT","","500 ml","true","false","base","ARABIC_BIDI_CONTROLS; FRENCH_NAME_UNVERIFIED; NO_BASE_PRODUCT_DESCRIPTION","Mulberry Syrup Distillates + Syrups","شراب ال توت شراب ومقطرات","sirops et distillats","https://zaytwmouneh.com/product/sharab-el-tout"
"sharab-el-ward","Distillates + Syrups","Rose Syrup","شراب ال ورد","SHARAB EL WARD","","500 ml","true","false","base","ARABIC_BIDI_CONTROLS; FRENCH_NAME_UNVERIFIED; NO_BASE_PRODUCT_DESCRIPTION","Rose Syrup Distillates + Syrups","شراب ال ورد شراب ومقطرات","sirops et distillats","https://zaytwmouneh.com/product/sharab-el-ward"
"sugar-free-jeleb","Distillates + Syrups","Sugar-Free Jeleb","خالي جالب-سكر","SUGAR-FREE JELEB","","500 ml","true","false","base","ARABIC_BIDI_CONTROLS; FRENCH_NAME_UNVERIFIED; NO_BASE_PRODUCT_DESCRIPTION","Sugar-Free Jeleb Distillates + Syrups","خالي جالب-سكر شراب ومقطرات","sirops et distillats","https://zaytwmouneh.com/product/sugar-free-jeleb"
"suger-free-mulberry","Distillates + Syrups","Sugar-Free Mulberry Syrup","خالي توت-سكر","SUGER-FREE MULBERRY","","250 ml","true","false","base","ARABIC_BIDI_CONTROLS; FRENCH_NAME_UNVERIFIED; NO_BASE_PRODUCT_DESCRIPTION","Sugar-Free Mulberry Syrup Distillates + Syrups","خالي توت-سكر شراب ومقطرات","sirops et distillats","https://zaytwmouneh.com/product/suger-free-mulberry"
"aamar-el-din-kotaa","Dried Foods","Apricot Fruit Leather Pieces","قمر ال الدين قطع","AAMAR EL DIN KOTAA","","500 g","true","false","base","ARABIC_BIDI_CONTROLS; FRENCH_NAME_UNVERIFIED; NO_BASE_PRODUCT_DESCRIPTION","Apricot Fruit Leather Pieces Dried Foods","قمر ال الدين قطع مواد مجففة","produits séchés","https://zaytwmouneh.com/product/aamar-el-din-kotaa"
"barkouk-mjafaf","Dried Foods","Prunes","برقوق مجفف","BARKOUK MJAFAF","","200 g; 500 g","true","false","base","ARABIC_BIDI_CONTROLS; FRENCH_NAME_UNVERIFIED; NO_BASE_PRODUCT_DESCRIPTION","Prunes Dried Foods","برقوق مجفف مواد مجففة","produits séchés","https://zaytwmouneh.com/product/barkouk-mjafaf"
"cranberries","Dried Foods","Cranberries","توت بري","CRANBERRIES","","250 g; 500 g","true","false","base","ARABIC_BIDI_CONTROLS; FRENCH_NAME_UNVERIFIED; NO_BASE_PRODUCT_DESCRIPTION","Cranberries Dried Foods","توت بري مواد مجففة","produits séchés","https://zaytwmouneh.com/product/cranberries"
"goji-berries","Dried Foods","Goji Berries","غوجي توت","GOJI BERRIES","","200 g; 250 g","true","false","base","ARABIC_BIDI_CONTROLS; FRENCH_NAME_UNVERIFIED; NO_BASE_PRODUCT_DESCRIPTION","Goji Berries Dried Foods","غوجي توت مواد مجففة","produits séchés","https://zaytwmouneh.com/product/goji-berries"
"grated-coconut","Dried Foods","Grated Coconut","جوز هند مبشور","GRATED COCONUT","","200 g; 500 g","true","false","base","ARABIC_BIDI_CONTROLS; FRENCH_NAME_UNVERIFIED; NO_BASE_PRODUCT_DESCRIPTION","Grated Coconut Dried Foods","جوز هند مبشور مواد مجففة","produits séchés","https://zaytwmouneh.com/product/grated-coconut"
"meshmosh-mojafaf","Dried Foods","Dried Apricots","مشمش مجفف","MESHMOSH MOJAFAF","","500 g","true","false","base","DUPLICATE_EN_NAME; FRENCH_NAME_UNVERIFIED; NO_BASE_PRODUCT_DESCRIPTION","Dried Apricots Dried Foods","مشمش مجفف مواد مجففة","produits séchés","https://zaytwmouneh.com/product/meshmosh-mojafaf"
"moshmosh-mojafaf","Dried Foods","Dried Apricots","مشمش مجفف","MOSHMOSH MOJAFAF","","250 g","true","false","base","DUPLICATE_EN_NAME; ARABIC_BIDI_CONTROLS; FRENCH_NAME_UNVERIFIED; NO_BASE_PRODUCT_DESCRIPTION","Dried Apricots Dried Foods","مشمش مجفف مواد مجففة","produits séchés","https://zaytwmouneh.com/product/moshmosh-mojafaf"
"sun-dried-tomatoes","Dried Foods","Sun-Dried Tomatoes","طماطم مجففة بالشمس","SUN-DRIED TOMATOES","","250 g","true","false","base","DUPLICATE_EN_NAME; ARABIC_BIDI_CONTROLS; FRENCH_NAME_UNVERIFIED; NO_BASE_PRODUCT_DESCRIPTION","Sun-Dried Tomatoes Dried Foods","طماطم مجففة بالشمس مواد مجففة","produits séchés","https://zaytwmouneh.com/product/sun-dried-tomatoes"
"teen-hibal","Dried Foods","String-Dried Figs","تني حبال","TEEN HIBAL","","500 g","false","false","base","NO_EXACT_PHOTO; ARABIC_BIDI_CONTROLS; FRENCH_NAME_UNVERIFIED; NO_BASE_PRODUCT_DESCRIPTION","String-Dried Figs Dried Foods","تني حبال مواد مجففة","produits séchés","https://zaytwmouneh.com/product/teen-hibal"
"teen-mjafaf","Dried Foods","Dried Figs","تني مجفف","TEEN MJAFAF","","200 g","true","false","base","ARABIC_BIDI_CONTROLS; FRENCH_NAME_UNVERIFIED; NO_BASE_PRODUCT_DESCRIPTION","Dried Figs Dried Foods","تني مجفف مواد مجففة","produits séchés","https://zaytwmouneh.com/product/teen-mjafaf"
"zarshak","Dried Foods","Barberries","زرشك","ZARSHAK","","250 g; 500 g","true","false","base","ARABIC_BIDI_CONTROLS; FRENCH_NAME_UNVERIFIED; NO_BASE_PRODUCT_DESCRIPTION","Barberries Dried Foods","زرشك مواد مجففة","produits séchés","https://zaytwmouneh.com/product/zarshak"
"zbeeb-ashlamish","Dried Foods","Ashlamish Raisins","زبيب أشلميش","ZBEEB ASHLAMISH","","200 g; 500 g","true","false","base","ARABIC_BIDI_CONTROLS; FRENCH_NAME_UNVERIFIED; NO_BASE_PRODUCT_DESCRIPTION","Ashlamish Raisins Dried Foods","زبيب أشلميش مواد مجففة","produits séchés","https://zaytwmouneh.com/product/zbeeb-ashlamish"
"zbeeb-aswad","Dried Foods","Black Raisins","زبيب أسود","ZBEEB ASWAD","","200 g; 500 g","true","false","base","ARABIC_BIDI_CONTROLS; FRENCH_NAME_UNVERIFIED; NO_BASE_PRODUCT_DESCRIPTION","Black Raisins Dried Foods","زبيب أسود مواد مجففة","produits séchés","https://zaytwmouneh.com/product/zbeeb-aswad"
"zbeeb-chile","Dried Foods","Chilean Raisins","زبيب تشيلي","ZBEEB CHILE","","200 g; 500 g","true","false","base","ARABIC_BIDI_CONTROLS; FRENCH_NAME_UNVERIFIED; NO_BASE_PRODUCT_DESCRIPTION","Chilean Raisins Dried Foods","زبيب تشيلي مواد مجففة","produits séchés","https://zaytwmouneh.com/product/zbeeb-chile"
"all-use-flour","Flour","All-Purpose Flour","طحني متعدد االستعماالت","ALL-USE FLOUR","","1 kg","true","false","base","ARABIC_BIDI_CONTROLS; FRENCH_NAME_UNVERIFIED; NO_BASE_PRODUCT_DESCRIPTION","All-Purpose Flour Flour","طحني متعدد االستعماالت طحين","farines","https://zaytwmouneh.com/product/all-use-flour"
"almond-flour","Flour","Almond Flour","طحني لوز","ALMOND FLOUR","","500 g","true","false","base","ARABIC_BIDI_CONTROLS; FRENCH_NAME_UNVERIFIED; NO_BASE_PRODUCT_DESCRIPTION","Almond Flour Flour","طحني لوز طحين","farines","https://zaytwmouneh.com/product/almond-flour"
"barley-flour","Flour","Barley Flour","طحني شعري","BARLEY FLOUR","","1 kg","true","false","base","DUPLICATE_EN_NAME; ARABIC_BIDI_CONTROLS; FRENCH_NAME_UNVERIFIED; NO_BASE_PRODUCT_DESCRIPTION","Barley Flour Flour","طحني شعري طحين","farines","https://zaytwmouneh.com/product/barley-flour"
"barly-flour","Flour","Barley Flour","شعري طحني","BARLY FLOUR","","500 g","true","false","base","DUPLICATE_EN_NAME; ARABIC_BIDI_CONTROLS; FRENCH_NAME_UNVERIFIED; NO_BASE_PRODUCT_DESCRIPTION","Barley Flour Flour","شعري طحني طحين","farines","https://zaytwmouneh.com/product/barly-flour"
"corn-flour","Flour","Corn Flour","طحني ذرة","CORN FLOUR","","500 g","false","false","base","DUPLICATE_EN_NAME; NO_EXACT_PHOTO; ARABIC_BIDI_CONTROLS; FRENCH_NAME_UNVERIFIED; NO_BASE_PRODUCT_DESCRIPTION","Corn Flour Flour","طحني ذرة طحين","farines","https://zaytwmouneh.com/product/corn-flour"
"dora-flour","Flour","Corn Flour","ذرة طحني","DORA FLOUR","","1 kg","false","false","base","DUPLICATE_EN_NAME; NO_EXACT_PHOTO; ARABIC_BIDI_CONTROLS; FRENCH_NAME_UNVERIFIED; NO_BASE_PRODUCT_DESCRIPTION","Corn Flour Flour","ذرة طحني طحين","farines","https://zaytwmouneh.com/product/dora-flour"
"shoufen-flour","Flour","Oat Flour","شوفان طحني","SHOUFEN FLOUR","","1 kg","true","false","base","ARABIC_BIDI_CONTROLS; FRENCH_NAME_UNVERIFIED; NO_BASE_PRODUCT_DESCRIPTION","Oat Flour Flour","شوفان طحني طحين","farines","https://zaytwmouneh.com/product/shoufen-flour"
"theen-farkha","Flour","Farina Flour","طحني فرخة","THEEN FARKHA","","1 kg; 500 g","true","false","base","ARABIC_BIDI_CONTROLS; FRENCH_NAME_UNVERIFIED; NO_BASE_PRODUCT_DESCRIPTION","Farina Flour Flour","طحني فرخة طحين","farines","https://zaytwmouneh.com/product/theen-farkha"
"whole-wheat-flour","Flour","Whole Wheat Flour","طحني قمح كامل","WHOLE WHEAT FLOUR","","1 kg","true","false","base","ARABIC_BIDI_CONTROLS; FRENCH_NAME_UNVERIFIED; NO_BASE_PRODUCT_DESCRIPTION","Whole Wheat Flour Flour","طحني قمح كامل طحين","farines","https://zaytwmouneh.com/product/whole-wheat-flour"
"yeast","Flour","Yeast","خمرية","YEAST","","450 g","false","false","base","NO_EXACT_PHOTO; ARABIC_BIDI_CONTROLS; FRENCH_NAME_UNVERIFIED; NO_BASE_PRODUCT_DESCRIPTION","Yeast Flour","خمرية طحين","farines","https://zaytwmouneh.com/product/yeast"
"zero-flour","Flour","Zero Flour","زيرو طحني","ZERO FLOUR","","1 kg; 2 kg; 500 g","true","false","base","ARABIC_BIDI_CONTROLS; FRENCH_NAME_UNVERIFIED; NO_BASE_PRODUCT_DESCRIPTION","Zero Flour Flour","زيرو طحني طحين","farines","https://zaytwmouneh.com/product/zero-flour"
"american-rice","Grains","American Rice","أرز أمريكي","AMERICAN RICE","","1 kg","true","false","base","ARABIC_BIDI_CONTROLS; FRENCH_NAME_UNVERIFIED; NO_BASE_PRODUCT_DESCRIPTION","American Rice Grains","أرز أمريكي حبوب","céréales","https://zaytwmouneh.com/product/american-rice"
"baldo-italian-rice","Grains","Baldo Italian Rice","أرز بالدو إيطالي","BALDO ITALIAN RICE","","1 kg; 2 kg","true","false","base","ARABIC_BIDI_CONTROLS; FRENCH_NAME_UNVERIFIED; NO_BASE_PRODUCT_DESCRIPTION","Baldo Italian Rice Grains","أرز بالدو إيطالي حبوب","céréales","https://zaytwmouneh.com/product/baldo-italian-rice"
"barley","Grains","Barley","بارليي","BARLEY","","1 kg; 500 g","true","false","base","ARABIC_BIDI_CONTROLS; FRENCH_NAME_UNVERIFIED; NO_BASE_PRODUCT_DESCRIPTION","Barley Grains","بارليي حبوب","céréales","https://zaytwmouneh.com/product/barley"
"burglur-abyad-faksh","Grains","Extra-Coarse White Bulgur","برغل أبيض فكش","BURGLUR ABYAD FAKSH","","1 kg","true","false","base","ARABIC_BIDI_CONTROLS; FRENCH_NAME_UNVERIFIED; NO_BASE_PRODUCT_DESCRIPTION","Extra-Coarse White Bulgur Grains","برغل أبيض فكش حبوب","céréales","https://zaytwmouneh.com/product/burglur-abyad-faksh"
"burglur-abyad-kheshen","Grains","Coarse White Bulgur","برغل أبيض خشن","BURGLUR ABYAD KHESHEN","","1 kg; 2 kg; 500 g","true","false","base","ARABIC_BIDI_CONTROLS; FRENCH_NAME_UNVERIFIED; NO_BASE_PRODUCT_DESCRIPTION","Coarse White Bulgur Grains","برغل أبيض خشن حبوب","céréales","https://zaytwmouneh.com/product/burglur-abyad-kheshen"
"burglur-abyad-neeme","Grains","Fine White Bulgur","برغل أبيض نعمة","BURGLUR ABYAD NEEME","","1 kg; 500 g","true","false","base","ARABIC_BIDI_CONTROLS; FRENCH_NAME_UNVERIFIED; NO_BASE_PRODUCT_DESCRIPTION","Fine White Bulgur Grains","برغل أبيض نعمة حبوب","céréales","https://zaytwmouneh.com/product/burglur-abyad-neeme"
"burglur-asmar-faksh","Grains","Extra-Coarse Brown Bulgur","برغل أسمر فكش","BURGLUR ASMAR FAKSH","","1 kg","true","false","base","ARABIC_BIDI_CONTROLS; FRENCH_NAME_UNVERIFIED; NO_BASE_PRODUCT_DESCRIPTION","Extra-Coarse Brown Bulgur Grains","برغل أسمر فكش حبوب","céréales","https://zaytwmouneh.com/product/burglur-asmar-faksh"
"burglur-asmar-kheshen","Grains","Coarse Brown Bulgur","برغل أسمر خشن","BURGLUR ASMAR KHESHEN","","1 kg; 2 kg; 500 g","true","false","base","ARABIC_BIDI_CONTROLS; FRENCH_NAME_UNVERIFIED; NO_BASE_PRODUCT_DESCRIPTION","Coarse Brown Bulgur Grains","برغل أسمر خشن حبوب","céréales","https://zaytwmouneh.com/product/burglur-asmar-kheshen"
"burglur-asmar-neeme","Grains","Fine Brown Bulgur","برغل أسمر نعمة","BURGLUR ASMAR NEEME","","1 kg; 2 kg; 500 g","true","false","base","ARABIC_BIDI_CONTROLS; FRENCH_NAME_UNVERIFIED; NO_BASE_PRODUCT_DESCRIPTION","Fine Brown Bulgur Grains","برغل أسمر نعمة حبوب","céréales","https://zaytwmouneh.com/product/burglur-asmar-neeme"
"dried-moghrabieh","Grains","Dried Moghrabieh","مجفف مغربية","DRIED MOGHRABIEH","","900 g","true","false","base","ARABIC_BIDI_CONTROLS; FRENCH_NAME_UNVERIFIED; NO_BASE_PRODUCT_DESCRIPTION","Dried Moghrabieh Grains","مجفف مغربية حبوب","céréales","https://zaytwmouneh.com/product/dried-moghrabieh"
"egyptian-rice","Grains","Egyptian Rice","مصري أرز","EGYPTIAN RICE","","1 kg; 2 kg","true","false","base","ARABIC_BIDI_CONTROLS; FRENCH_NAME_UNVERIFIED; NO_BASE_PRODUCT_DESCRIPTION","Egyptian Rice Grains","مصري أرز حبوب","céréales","https://zaytwmouneh.com/product/egyptian-rice"
"freeke","Grains","Freekeh","فريكة","FREEKE","","500 g; 1 kg","true","false","base","ARABIC_BIDI_CONTROLS; FRENCH_NAME_UNVERIFIED; NO_BASE_PRODUCT_DESCRIPTION","Freekeh Grains","فريكة حبوب","céréales","https://zaytwmouneh.com/product/freeke"
"golden-sila-basmati-rice","Grains","Golden Sila Basmati Rice","ذهيب سيال بسميت أرز","GOLDEN SILA BASMATI RICE","","1 kg","true","false","base","ARABIC_BIDI_CONTROLS; FRENCH_NAME_UNVERIFIED; NO_BASE_PRODUCT_DESCRIPTION","Golden Sila Basmati Rice Grains","ذهيب سيال بسميت أرز حبوب","céréales","https://zaytwmouneh.com/product/golden-sila-basmati-rice"
"kameh-habe-kamle","Grains","Whole Wheat Berries","كاميه حبة كاملة","KAMEH HABE KAMLE","","1 kg","true","false","base","ARABIC_BIDI_CONTROLS; FRENCH_NAME_UNVERIFIED; NO_BASE_PRODUCT_DESCRIPTION","Whole Wheat Berries Grains","كاميه حبة كاملة حبوب","céréales","https://zaytwmouneh.com/product/kameh-habe-kamle"
"kameh-makshour","Grains","Cracked Wheat","كاميه ماكشور","KAMEH MAKSHOUR","","1 kg; 2 kg; 500 g","false","false","base","NO_EXACT_PHOTO; ARABIC_BIDI_CONTROLS; FRENCH_NAME_UNVERIFIED; NO_BASE_PRODUCT_DESCRIPTION","Cracked Wheat Grains","كاميه ماكشور حبوب","céréales","https://zaytwmouneh.com/product/kameh-makshour"
"kinwa-bayda","Grains","White Quinoa","كينوا بيضاء","KINWA BAYDA","","200 g","true","false","base","ARABIC_BIDI_CONTROLS; FRENCH_NAME_UNVERIFIED; NO_BASE_PRODUCT_DESCRIPTION","White Quinoa Grains","كينوا بيضاء حبوب","céréales","https://zaytwmouneh.com/product/kinwa-bayda"
"long-grain-brown-rice","Grains","Long Grain Brown Rice","حبة طويلة بين أرز","LONG GRAIN BROWN RICE","","1 kg","true","false","base","ARABIC_BIDI_CONTROLS; FRENCH_NAME_UNVERIFIED; NO_BASE_PRODUCT_DESCRIPTION","Long Grain Brown Rice Grains","حبة طويلة بين أرز حبوب","céréales","https://zaytwmouneh.com/product/long-grain-brown-rice"
"makhlotet-hboub","Grains","Mixed Grains","مخلوطة حبوب","MAKHLOTET HBOUB","","1 kg","false","false","base","NO_EXACT_PHOTO; ARABIC_BIDI_CONTROLS; FRENCH_NAME_UNVERIFIED; NO_BASE_PRODUCT_DESCRIPTION","Mixed Grains Grains","مخلوطة حبوب حبوب","céréales","https://zaytwmouneh.com/product/makhlotet-hboub"
"popcorn","Grains","Popcorn","فشار","POPCORN","","1 kg","false","false","base","NO_EXACT_PHOTO; ARABIC_BIDI_CONTROLS; FRENCH_NAME_UNVERIFIED; NO_BASE_PRODUCT_DESCRIPTION","Popcorn Grains","فشار حبوب","céréales","https://zaytwmouneh.com/product/popcorn"
"popcorn-jumbo","Grains","Popcorn Jumbo","فشار جومبو","POPCORN JUMBO","","1 kg; 2 kg","true","false","base","ARABIC_BIDI_CONTROLS; FRENCH_NAME_UNVERIFIED; NO_BASE_PRODUCT_DESCRIPTION","Popcorn Jumbo Grains","فشار جومبو حبوب","céréales","https://zaytwmouneh.com/product/popcorn-jumbo"
"rice-neeme","Grains","Fine Rice","أرز نعمة","RICE NEEME","","1 kg; 500 g","true","false","base","ARABIC_BIDI_CONTROLS; FRENCH_NAME_UNVERIFIED; NO_BASE_PRODUCT_DESCRIPTION","Fine Rice Grains","أرز نعمة حبوب","céréales","https://zaytwmouneh.com/product/rice-neeme"
"shaariye","Grains","Vermicelli","شعريية","SHAARIYE","","1 kg; 500 g","true","false","base","ARABIC_BIDI_CONTROLS; FRENCH_NAME_UNVERIFIED; NO_BASE_PRODUCT_DESCRIPTION","Vermicelli Grains","شعريية حبوب","céréales","https://zaytwmouneh.com/product/shaariye"
"shoufen","Grains","Oats","شوفان","SHOUFEN","","1 kg; 500 g","true","false","base","ARABIC_BIDI_CONTROLS; FRENCH_NAME_UNVERIFIED; NO_BASE_PRODUCT_DESCRIPTION","Oats Grains","شوفان حبوب","céréales","https://zaytwmouneh.com/product/shoufen"
"sila-rice-xxl","Grains","Sila Rice Xxl","سيال أرز إكس إكس إل","SILA RICE XXL","","1 kg; 2 kg","true","false","base","ARABIC_BIDI_CONTROLS; FRENCH_NAME_UNVERIFIED; NO_BASE_PRODUCT_DESCRIPTION","Sila Rice Xxl Grains","سيال أرز إكس إكس إل حبوب","céréales","https://zaytwmouneh.com/product/sila-rice-xxl"
"smeed","Grains","Semolina","سميد","SMEED","","1 kg; 500 g","true","false","base","ARABIC_BIDI_CONTROLS; FRENCH_NAME_UNVERIFIED; NO_BASE_PRODUCT_DESCRIPTION","Semolina Grains","سميد حبوب","céréales","https://zaytwmouneh.com/product/smeed"
"aasfor","Herbs","Safflower","عصفور","AASFOR","","50 g","true","false","base","ARABIC_BIDI_CONTROLS; FRENCH_NAME_UNVERIFIED; NO_BASE_PRODUCT_DESCRIPTION","Safflower Herbs","عصفور أعشاب","herbes","https://zaytwmouneh.com/product/aasfor"
"chamomile","Herbs","Chamomile","بابونج","CHAMOMILE","","100 g","true","false","base","ARABIC_BIDI_CONTROLS; FRENCH_NAME_UNVERIFIED; NO_BASE_PRODUCT_DESCRIPTION","Chamomile Herbs","بابونج أعشاب","herbes","https://zaytwmouneh.com/product/chamomile"
"dried-rose-petals","Herbs","Dried Rose Petals","مجفف ورد بتالت","DRIED ROSE PETALS","","100 g","true","false","base","ARABIC_BIDI_CONTROLS; FRENCH_NAME_UNVERIFIED; NO_BASE_PRODUCT_DESCRIPTION","Dried Rose Petals Herbs","مجفف ورد بتالت أعشاب","herbes","https://zaytwmouneh.com/product/dried-rose-petals"
"dried-rosemary","Herbs","Dried Rosemary","مجفف إكليل الجبل","DRIED ROSEMARY","","100 g","false","false","base","NO_EXACT_PHOTO; ARABIC_BIDI_CONTROLS; FRENCH_NAME_UNVERIFIED; NO_BASE_PRODUCT_DESCRIPTION","Dried Rosemary Herbs","مجفف إكليل الجبل أعشاب","herbes","https://zaytwmouneh.com/product/dried-rosemary"
"green-tea","Herbs","Green Tea","أخضر شاي","GREEN TEA","","200 g","true","false","base","ARABIC_BIDI_CONTROLS; FRENCH_NAME_UNVERIFIED; NO_BASE_PRODUCT_DESCRIPTION","Green Tea Herbs","أخضر شاي أعشاب","herbes","https://zaytwmouneh.com/product/green-tea"
"habaa","Herbs","Habaa Herb","حبة","HABAA","","100 g","false","false","base","NO_EXACT_PHOTO; ARABIC_BIDI_CONTROLS; FRENCH_NAME_UNVERIFIED; NO_BASE_PRODUCT_DESCRIPTION","Habaa Herb Herbs","حبة أعشاب","herbes","https://zaytwmouneh.com/product/habaa"
"karkadeh","Herbs","Hibiscus","كركديه","KARKADEH","","100 g","true","false","base","ARABIC_BIDI_CONTROLS; FRENCH_NAME_UNVERIFIED; NO_BASE_PRODUCT_DESCRIPTION","Hibiscus Herbs","كركديه أعشاب","herbes","https://zaytwmouneh.com/product/karkadeh"
"khaltet-el-manaa","Herbs","Immunity Herbal Blend","خلطة ال مناعة","KHALTET EL MANAA","","100 g; 200 g","true","false","base","ARABIC_BIDI_CONTROLS; FRENCH_NAME_UNVERIFIED; NO_BASE_PRODUCT_DESCRIPTION","Immunity Herbal Blend Herbs","خلطة ال مناعة أعشاب","herbes","https://zaytwmouneh.com/product/khaltet-el-manaa"
"khaltet-el-unoutha","Herbs","Women's Herbal Blend","خلطة ال أنوثة","KHALTET EL UNOUTHA","","100 g","true","false","base","ARABIC_BIDI_CONTROLS; FRENCH_NAME_UNVERIFIED; NO_BASE_PRODUCT_DESCRIPTION","Women's Herbal Blend Herbs","خلطة ال أنوثة أعشاب","herbes","https://zaytwmouneh.com/product/khaltet-el-unoutha"
"mardakoush","Herbs","Marjoram","مردقوش","MARDAKOUSH","","100 g","true","false","base","ARABIC_BIDI_CONTROLS; FRENCH_NAME_UNVERIFIED; NO_BASE_PRODUCT_DESCRIPTION","Marjoram Herbs","مردقوش أعشاب","herbes","https://zaytwmouneh.com/product/mardakoush"
"molokhiya","Herbs","Dried Molokhia","ملوخية","MOLOKHIYA","","200 g","true","false","base","ARABIC_BIDI_CONTROLS; FRENCH_NAME_UNVERIFIED; NO_BASE_PRODUCT_DESCRIPTION","Dried Molokhia Herbs","ملوخية أعشاب","herbes","https://zaytwmouneh.com/product/molokhiya"
"moringa-tea","Herbs","Moringa Tea","مورينغا شاي","MORINGA TEA","","100 g","true","false","base","ARABIC_BIDI_CONTROLS; FRENCH_NAME_UNVERIFIED; NO_BASE_PRODUCT_DESCRIPTION","Moringa Tea Herbs","مورينغا شاي أعشاب","herbes","https://zaytwmouneh.com/product/moringa-tea"
"naanaa-yebes","Herbs","Dried Mint","نعناع يابس","NAANAA YEBES","","100 g","true","false","base","ARABIC_BIDI_CONTROLS; FRENCH_NAME_UNVERIFIED; NO_BASE_PRODUCT_DESCRIPTION","Dried Mint Herbs","نعناع يابس أعشاب","herbes","https://zaytwmouneh.com/product/naanaa-yebes"
"oregano","Herbs","Oregano","أوريغانو","OREGANO","","100 g","true","false","base","ARABIC_BIDI_CONTROLS; FRENCH_NAME_UNVERIFIED; NO_BASE_PRODUCT_DESCRIPTION","Oregano Herbs","أوريغانو أعشاب","herbes","https://zaytwmouneh.com/product/oregano"
"oshrok","Herbs","Oshrok Herb","أشرق","OSHROK","","100 g","true","false","base","ARABIC_BIDI_CONTROLS; FRENCH_NAME_UNVERIFIED; NO_BASE_PRODUCT_DESCRIPTION","Oshrok Herb Herbs","أشرق أعشاب","herbes","https://zaytwmouneh.com/product/oshrok"
"salamki","Herbs","Senna","سنامكي","SALAMKI","","100 g","true","false","base","ARABIC_BIDI_CONTROLS; FRENCH_NAME_UNVERIFIED; NO_BASE_PRODUCT_DESCRIPTION","Senna Herbs","سنامكي أعشاب","herbes","https://zaytwmouneh.com/product/salamki"
"sheeh","Herbs","Wormwood","شيح","SHEEH","","100 g","true","false","base","ARABIC_BIDI_CONTROLS; FRENCH_NAME_UNVERIFIED; NO_BASE_PRODUCT_DESCRIPTION","Wormwood Herbs","شيح أعشاب","herbes","https://zaytwmouneh.com/product/sheeh"
"silani-tea","Herbs","Ceylon Tea","سيالني شاي","SILANI TEA","","250 g","false","false","base","NO_EXACT_PHOTO; ARABIC_BIDI_CONTROLS; FRENCH_NAME_UNVERIFIED; NO_BASE_PRODUCT_DESCRIPTION","Ceylon Tea Herbs","سيالني شاي أعشاب","herbes","https://zaytwmouneh.com/product/silani-tea"
"waraq-ghar","Herbs","Bay Leaves","ورق غار","WARAQ GHAR","","100 g","true","false","base","ARABIC_BIDI_CONTROLS; FRENCH_NAME_UNVERIFIED; NO_BASE_PRODUCT_DESCRIPTION","Bay Leaves Herbs","ورق غار أعشاب","herbes","https://zaytwmouneh.com/product/waraq-ghar"
"zhourat","Herbs","Mixed Herbal Infusion","زهورات","ZHOURAT","","100 g; 200 g","true","false","base","ARABIC_BIDI_CONTROLS; FRENCH_NAME_UNVERIFIED; NO_BASE_PRODUCT_DESCRIPTION","Mixed Herbal Infusion Herbs","زهورات أعشاب","herbes","https://zaytwmouneh.com/product/zhourat"
"zoufah","Herbs","Hyssop","زوفا","ZOUFAH","","100 g","true","false","base","ARABIC_BIDI_CONTROLS; FRENCH_NAME_UNVERIFIED; NO_BASE_PRODUCT_DESCRIPTION","Hyssop Herbs","زوفا أعشاب","herbes","https://zaytwmouneh.com/product/zoufah"
"zayt-w-mouneh-white-honey-blend","Honey","Zayt w Mouneh White Honey Blend","""زيت و مونة"" أبيض عسل خلطة","""ZAYT W MOUNEH"" WHITE HONEY BLEND","","30 g","true","false","base","ARABIC_BIDI_CONTROLS; FRENCH_NAME_UNVERIFIED; NO_BASE_PRODUCT_DESCRIPTION","Zayt w Mouneh White Honey Blend Honey","""زيت و مونة"" أبيض عسل خلطة عسل","miel","https://zaytwmouneh.com/product/zayt-w-mouneh-white-honey-blend"
"aasal-bshahdo","Honey","Honey with Honeycomb","عسل بشهده","AASAL BSHAHDO","","500 g","true","false","base","ARABIC_BIDI_CONTROLS; FRENCH_NAME_UNVERIFIED; NO_BASE_PRODUCT_DESCRIPTION","Honey with Honeycomb Honey","عسل بشهده عسل","miel","https://zaytwmouneh.com/product/aasal-bshahdo"
"avocado-orange-blossom-honey","Honey","Avocado & Orange Blossom Honey","أفوكادو & برتقال زهر عسل","AVOCADO & ORANGE BLOSSOM HONEY","","500 g; 900 g","true","false","base","ARABIC_BIDI_CONTROLS; FRENCH_NAME_UNVERIFIED; NO_BASE_PRODUCT_DESCRIPTION","Avocado & Orange Blossom Honey Honey","أفوكادو & برتقال زهر عسل عسل","miel","https://zaytwmouneh.com/product/avocado-orange-blossom-honey"
"bee-pollen","Honey","Bee Pollen","حبوب لقاح النحل","BEE POLLEN","","500 g","true","false","base","ARABIC_BIDI_CONTROLS; FRENCH_NAME_UNVERIFIED; NO_BASE_PRODUCT_DESCRIPTION","Bee Pollen Honey","حبوب لقاح النحل عسل","miel","https://zaytwmouneh.com/product/bee-pollen"
"cedar-honey","Honey","Cedar Honey","أرز عسل","CEDAR HONEY","","500 g; 900 g","true","false","base","ARABIC_BIDI_CONTROLS; FRENCH_NAME_UNVERIFIED; NO_BASE_PRODUCT_DESCRIPTION","Cedar Honey Honey","أرز عسل عسل","miel","https://zaytwmouneh.com/product/cedar-honey"
"flower-honey","Honey","Flower Honey","زهور عسل","FLOWER HONEY","","500 g; 900 g","true","false","base","ARABIC_BIDI_CONTROLS; FRENCH_NAME_UNVERIFIED; NO_BASE_PRODUCT_DESCRIPTION","Flower Honey Honey","زهور عسل عسل","miel","https://zaytwmouneh.com/product/flower-honey"
"immune-boosting-honey-blend","Honey","Immune Boosting Honey Blend","مناعة تعزيز عسل خلطة","IMMUNE BOOSTING HONEY BLEND","","500 g; 900 g","true","false","base","ARABIC_BIDI_CONTROLS; FRENCH_NAME_UNVERIFIED; NO_BASE_PRODUCT_DESCRIPTION","Immune Boosting Honey Blend Honey","مناعة تعزيز عسل خلطة عسل","miel","https://zaytwmouneh.com/product/immune-boosting-honey-blend"
"lokmet-el-nahel","Honey","Bee Bite","لقمة ال النحل","LOKMET EL NAHEL","","Size not listed","false","false","base","NO_EXACT_PHOTO; ARABIC_BIDI_CONTROLS; FRENCH_NAME_UNVERIFIED; NO_BASE_PRODUCT_DESCRIPTION","Bee Bite Honey","لقمة ال النحل عسل","miel","https://zaytwmouneh.com/product/lokmet-el-nahel"
"mounet-el-nahel-honey-blend","Honey","Mounet El Nahel Honey Blend","مونة ال النحل عسل خلطة","MOUNET EL NAHEL HONEY BLEND","","500 g","true","false","base","ARABIC_BIDI_CONTROLS; FRENCH_NAME_UNVERIFIED; NO_BASE_PRODUCT_DESCRIPTION","Mounet El Nahel Honey Blend Honey","مونة ال النحل عسل خلطة عسل","miel","https://zaytwmouneh.com/product/mounet-el-nahel-honey-blend"
"oak-honey","Honey","Oak Honey","سنديان عسل","OAK HONEY","","500 g; 900 g","true","false","base","ARABIC_BIDI_CONTROLS; FRENCH_NAME_UNVERIFIED; NO_BASE_PRODUCT_DESCRIPTION","Oak Honey Honey","سنديان عسل عسل","miel","https://zaytwmouneh.com/product/oak-honey"
"proplis-with-ethanol","Honey","Propolis with Ethanol","بروبوليس مع إيثانول","PROPLIS WITH ETHANOL","","30 ml","true","false","base","ARABIC_BIDI_CONTROLS; FRENCH_NAME_UNVERIFIED; NO_BASE_PRODUCT_DESCRIPTION","Propolis with Ethanol Honey","بروبوليس مع إيثانول عسل","miel","https://zaytwmouneh.com/product/proplis-with-ethanol"
"propolis-with-olive-oil","Honey","Propolis with Olive Oil","بروبوليس مع زيتون زيت","PROPOLIS WITH OLIVE OIL","","30 ml","true","false","base","ARABIC_BIDI_CONTROLS; FRENCH_NAME_UNVERIFIED; NO_BASE_PRODUCT_DESCRIPTION","Propolis with Olive Oil Honey","بروبوليس مع زيتون زيت عسل","miel","https://zaytwmouneh.com/product/propolis-with-olive-oil"
"raw-proplis","Honey","Raw Propolis","نيء بروبوليس","RAW PROPLIS","","Size not listed","true","false","base","ARABIC_BIDI_CONTROLS; FRENCH_NAME_UNVERIFIED; NO_BASE_PRODUCT_DESCRIPTION","Raw Propolis Honey","نيء بروبوليس عسل","miel","https://zaytwmouneh.com/product/raw-proplis"
"white-honey-blend","Honey","White Honey Blend","أبيض عسل خلطة","WHITE HONEY BLEND","","500 g; 900 g","true","false","base","ARABIC_BIDI_CONTROLS; FRENCH_NAME_UNVERIFIED; NO_BASE_PRODUCT_DESCRIPTION","White Honey Blend Honey","أبيض عسل خلطة عسل","miel","https://zaytwmouneh.com/product/white-honey-blend"
"wild-thistle-honey","Honey","Wild Thistle Honey","بري شوك عسل","WILD THISTLE HONEY","","500 g; 900 g","true","false","base","ARABIC_BIDI_CONTROLS; FRENCH_NAME_UNVERIFIED; NO_BASE_PRODUCT_DESCRIPTION","Wild Thistle Honey Honey","بري شوك عسل عسل","miel","https://zaytwmouneh.com/product/wild-thistle-honey"
"debes-el-enab","Molasses","Grape Molasses","دبس ال عنب","DEBES EL ENAB","","1 kg","true","false","base","ARABIC_BIDI_CONTROLS; FRENCH_NAME_UNVERIFIED; NO_BASE_PRODUCT_DESCRIPTION","Grape Molasses Molasses","دبس ال عنب دبس","mélasses","https://zaytwmouneh.com/product/debes-el-enab"
"debes-el-remen","Molasses","Pomegranate Molasses","دبس ال رمان","DEBES EL REMEN","","500 ml","true","false","base","ARABIC_BIDI_CONTROLS; FRENCH_NAME_UNVERIFIED; NO_BASE_PRODUCT_DESCRIPTION","Pomegranate Molasses Molasses","دبس ال رمان دبس","mélasses","https://zaytwmouneh.com/product/debes-el-remen"
"bandoura-mujafafeh","Mouneh","Sun-Dried Tomatoes","بندورة مجففة","BANDOURA MUJAFAFEH","","300 g","true","false","base","DUPLICATE_EN_NAME; ARABIC_BIDI_CONTROLS; FRENCH_NAME_UNVERIFIED; NO_BASE_PRODUCT_DESCRIPTION","Sun-Dried Tomatoes Mouneh","بندورة مجففة مونة لبنانية","mouneh libanaise","https://zaytwmouneh.com/product/bandoura-mujafafeh"
"bemye-yebse","Mouneh","Dried Okra","بامية يابسة","BEMYE YEBSE","","200 g","true","false","base","ARABIC_BIDI_CONTROLS; FRENCH_NAME_UNVERIFIED; NO_BASE_PRODUCT_DESCRIPTION","Dried Okra Mouneh","بامية يابسة مونة لبنانية","mouneh libanaise","https://zaytwmouneh.com/product/bemye-yebse"
"debes-el-fleyfleh","Mouneh","Sweet Red Pepper Paste","دبس ال فليفلة","DEBES EL FLEYFLEH","","360 g","true","false","base","ARABIC_BIDI_CONTROLS; FRENCH_NAME_UNVERIFIED; NO_BASE_PRODUCT_DESCRIPTION","Sweet Red Pepper Paste Mouneh","دبس ال فليفلة مونة لبنانية","mouneh libanaise","https://zaytwmouneh.com/product/debes-el-fleyfleh"
"debes-el-fleyfleh-har","Mouneh","Spicy Red Pepper Paste","دبس ال فليفلة حار","DEBES EL FLEYFLEH HAR","","360 g","true","false","base","ARABIC_BIDI_CONTROLS; FRENCH_NAME_UNVERIFIED; NO_BASE_PRODUCT_DESCRIPTION","Spicy Red Pepper Paste Mouneh","دبس ال فليفلة حار مونة لبنانية","mouneh libanaise","https://zaytwmouneh.com/product/debes-el-fleyfleh-har"
"kishek-akhdar-bil-joz","Mouneh","Green Kishk with Walnuts","كشك أخضر بال جوز","KISHEK AKHDAR BIL JOZ","","660 g","true","false","base","ARABIC_BIDI_CONTROLS; FRENCH_NAME_UNVERIFIED; NO_BASE_PRODUCT_DESCRIPTION","Green Kishk with Walnuts Mouneh","كشك أخضر بال جوز مونة لبنانية","mouneh libanaise","https://zaytwmouneh.com/product/kishek-akhdar-bil-joz"
"kishek-bakari-beqaa","Mouneh","Cow's-Milk Kishk - Bekaa","كشك بقري البقاع","KISHEK BAKARI BEQAA","","1 kg; 500 g","true","false","base","ARABIC_BIDI_CONTROLS; FRENCH_NAME_UNVERIFIED; NO_BASE_PRODUCT_DESCRIPTION","Cow's-Milk Kishk - Bekaa Mouneh","كشك بقري البقاع مونة لبنانية","mouneh libanaise","https://zaytwmouneh.com/product/kishek-bakari-beqaa"
"kishek-meeza-beqaa","Mouneh","Goat's-Milk Kishk - Bekaa","كشك مزية البقاع","KISHEK MEEZA BEQAA","","1 kg; 500 g","true","false","base","ARABIC_BIDI_CONTROLS; FRENCH_NAME_UNVERIFIED; NO_BASE_PRODUCT_DESCRIPTION","Goat's-Milk Kishk - Bekaa Mouneh","كشك مزية البقاع مونة لبنانية","mouneh libanaise","https://zaytwmouneh.com/product/kishek-meeza-beqaa"
"kishek-zayt-w-mouneh","Mouneh","Zayt w Mouneh Kishk","كشك زيت و مونة","KISHEK ZAYT W MOUNEH","","1 kg; 500 g","true","false","base","ARABIC_BIDI_CONTROLS; FRENCH_NAME_UNVERIFIED; NO_BASE_PRODUCT_DESCRIPTION","Zayt w Mouneh Kishk Mouneh","كشك زيت و مونة مونة لبنانية","mouneh libanaise","https://zaytwmouneh.com/product/kishek-zayt-w-mouneh"
"labneh-mkaazleh-habet-barakeh","Mouneh","Labneh Balls with Nigella Seeds","لبنة مكازلة حبة بركة","LABNEH MKAAZLEH HABET BARAKEH","","360 g; 660 g","true","false","base","ARABIC_BIDI_CONTROLS; FRENCH_NAME_UNVERIFIED; NO_BASE_PRODUCT_DESCRIPTION","Labneh Balls with Nigella Seeds Mouneh","لبنة مكازلة حبة بركة مونة لبنانية","mouneh libanaise","https://zaytwmouneh.com/product/labneh-mkaazleh-habet-barakeh"
"labneh-mkaazleh-har","Mouneh","Spicy Labneh Balls","لبنة مكازلة حار","LABNEH MKAAZLEH HAR","","360 g; 660 g","true","false","base","ARABIC_BIDI_CONTROLS; FRENCH_NAME_UNVERIFIED; NO_BASE_PRODUCT_DESCRIPTION","Spicy Labneh Balls Mouneh","لبنة مكازلة حار مونة لبنانية","mouneh libanaise","https://zaytwmouneh.com/product/labneh-mkaazleh-har"
"labneh-mkaazleh-naanaa","Mouneh","Labneh Balls with Mint","لبنة مكازلة نعناع","LABNEH MKAAZLEH NAANAA","","360 g; 660 g","true","false","base","ARABIC_BIDI_CONTROLS; FRENCH_NAME_UNVERIFIED; NO_BASE_PRODUCT_DESCRIPTION","Labneh Balls with Mint Mouneh","لبنة مكازلة نعناع مونة لبنانية","mouneh libanaise","https://zaytwmouneh.com/product/labneh-mkaazleh-naanaa"
"labneh-mkaazleh-seda","Mouneh","Plain Labneh Balls","لبنة مكازلة سادة","LABNEH MKAAZLEH SEDA","","1 kg; 360 g; 660 g","true","false","base","ARABIC_BIDI_CONTROLS; FRENCH_NAME_UNVERIFIED; NO_BASE_PRODUCT_DESCRIPTION","Plain Labneh Balls Mouneh","لبنة مكازلة سادة مونة لبنانية","mouneh libanaise","https://zaytwmouneh.com/product/labneh-mkaazleh-seda"
"labneh-mkaazleh-zaatar","Mouneh","Labneh Balls with Za’atar","لبنة مكازلة زعرت","LABNEH MKAAZLEH ZAATAR","","360 g; 660 g","true","false","base","ARABIC_BIDI_CONTROLS; FRENCH_NAME_UNVERIFIED; NO_BASE_PRODUCT_DESCRIPTION","Labneh Balls with Za’atar Mouneh","لبنة مكازلة زعرت مونة لبنانية","mouneh libanaise","https://zaytwmouneh.com/product/labneh-mkaazleh-zaatar"
"makdous-el-beqaa-har","Mouneh","Spicy Bekaa Makdous","مكدوس ال البقاع حار","MAKDOUS EL BEQAA HAR","","660 g","false","false","base","NO_EXACT_PHOTO; ARABIC_BIDI_CONTROLS; FRENCH_NAME_UNVERIFIED; NO_BASE_PRODUCT_DESCRIPTION","Spicy Bekaa Makdous Mouneh","مكدوس ال البقاع حار مونة لبنانية","mouneh libanaise","https://zaytwmouneh.com/product/makdous-el-beqaa-har"
"makdous-el-beqaa-seda","Mouneh","Plain Bekaa Makdous","مكدوس ال البقاع سادة","MAKDOUS EL BEQAA SEDA","","660 g","true","false","base","ARABIC_BIDI_CONTROLS; FRENCH_NAME_UNVERIFIED; NO_BASE_PRODUCT_DESCRIPTION","Plain Bekaa Makdous Mouneh","مكدوس ال البقاع سادة مونة لبنانية","mouneh libanaise","https://zaytwmouneh.com/product/makdous-el-beqaa-seda"
"makdous-el-loz","Mouneh","Almond Makdous","مكدوس ال لوز","MAKDOUS EL LOZ","","400 g","true","false","base","ARABIC_BIDI_CONTROLS; FRENCH_NAME_UNVERIFIED; NO_BASE_PRODUCT_DESCRIPTION","Almond Makdous Mouneh","مكدوس ال لوز مونة لبنانية","mouneh libanaise","https://zaytwmouneh.com/product/makdous-el-loz"
"maraba-el-meshmosh","Mouneh","Apricot Jam","مربى ال مشمش","MARABA EL MESHMOSH","","400 g","true","false","base","ARABIC_BIDI_CONTROLS; FRENCH_NAME_UNVERIFIED; NO_BASE_PRODUCT_DESCRIPTION","Apricot Jam Mouneh","مربى ال مشمش مونة لبنانية","mouneh libanaise","https://zaytwmouneh.com/product/maraba-el-meshmosh"
"mraba-el-fraise","Mouneh","Strawberry Jam","مربى ال فراولة","MRABA EL FRAISE","","800 g","true","false","base","ARABIC_BIDI_CONTROLS; FRENCH_NAME_UNVERIFIED; NO_BASE_PRODUCT_DESCRIPTION","Strawberry Jam Mouneh","مربى ال فراولة مونة لبنانية","mouneh libanaise","https://zaytwmouneh.com/product/mraba-el-fraise"
"mraba-el-karaz","Mouneh","Cherry Jam","مربى ال كرز","MRABA EL KARAZ","","800 g","true","false","base","ARABIC_BIDI_CONTROLS; FRENCH_NAME_UNVERIFIED; NO_BASE_PRODUCT_DESCRIPTION","Cherry Jam Mouneh","مربى ال كرز مونة لبنانية","mouneh libanaise","https://zaytwmouneh.com/product/mraba-el-karaz"
"mraba-el-tin-mamrout","Mouneh","Mamrout Fig Jam","مربى ال تني ممرود","MRABA EL TIN MAMROUT","","800 g","true","false","base","ARABIC_BIDI_CONTROLS; FRENCH_NAME_UNVERIFIED; NO_BASE_PRODUCT_DESCRIPTION","Mamrout Fig Jam Mouneh","مربى ال تني ممرود مونة لبنانية","mouneh libanaise","https://zaytwmouneh.com/product/mraba-el-tin-mamrout"
"mraba-el-tin-yebes","Mouneh","Dried Fig Jam","مربى ال تني يابس","MRABA EL TIN YEBES","","800 g","true","false","base","ARABIC_BIDI_CONTROLS; FRENCH_NAME_UNVERIFIED; NO_BASE_PRODUCT_DESCRIPTION","Dried Fig Jam Mouneh","مربى ال تني يابس مونة لبنانية","mouneh libanaise","https://zaytwmouneh.com/product/mraba-el-tin-yebes"
"mraba-el-tout","Mouneh","Mulberry Jam","مربى ال توت","MRABA EL TOUT","","800 g","true","false","base","ARABIC_BIDI_CONTROLS; FRENCH_NAME_UNVERIFIED; NO_BASE_PRODUCT_DESCRIPTION","Mulberry Jam Mouneh","مربى ال توت مونة لبنانية","mouneh libanaise","https://zaytwmouneh.com/product/mraba-el-tout"
"mraba-el-ward","Mouneh","Rose Jam","مربى ال ورد","MRABA EL WARD","","450 g","true","false","base","ARABIC_BIDI_CONTROLS; FRENCH_NAME_UNVERIFIED; NO_BASE_PRODUCT_DESCRIPTION","Rose Jam Mouneh","مربى ال ورد مونة لبنانية","mouneh libanaise","https://zaytwmouneh.com/product/mraba-el-ward"
"mraba-el-yaqtin","Mouneh","Pumpkin Jam","مربى ال يقطني","MRABA EL YAQTIN","","800 g","true","false","base","ARABIC_BIDI_CONTROLS; FRENCH_NAME_UNVERIFIED; NO_BASE_PRODUCT_DESCRIPTION","Pumpkin Jam Mouneh","مربى ال يقطني مونة لبنانية","mouneh libanaise","https://zaytwmouneh.com/product/mraba-el-yaqtin"
"mraba-sfarjel","Mouneh","Quince Jam","مربى سفرجل","MRABA SFARJEL","","400 g","true","false","base","ARABIC_BIDI_CONTROLS; FRENCH_NAME_UNVERIFIED; NO_BASE_PRODUCT_DESCRIPTION","Quince Jam Mouneh","مربى سفرجل مونة لبنانية","mouneh libanaise","https://zaytwmouneh.com/product/mraba-sfarjel"
"qawerma","Mouneh","Qawarma Preserved Meat","قورما","QAWERMA","","660 g","true","false","base","ARABIC_BIDI_CONTROLS; FRENCH_NAME_UNVERIFIED; NO_BASE_PRODUCT_DESCRIPTION","Qawarma Preserved Meat Mouneh","قورما مونة لبنانية","mouneh libanaise","https://zaytwmouneh.com/product/qawerma"
"rub-el-bandoura","Mouneh","Tomato Paste","رب ال بندورة","RUB EL BANDOURA","","660 g","true","false","base","ARABIC_BIDI_CONTROLS; FRENCH_NAME_UNVERIFIED; NO_BASE_PRODUCT_DESCRIPTION","Tomato Paste Mouneh","رب ال بندورة مونة لبنانية","mouneh libanaise","https://zaytwmouneh.com/product/rub-el-bandoura"
"shankleesh-bil-zaatar","Mouneh","Za’atar Shanklish","شنكليش بال زعرت","SHANKLEESH BIL ZAATAR","","660 g","true","false","base","ARABIC_BIDI_CONTROLS; FRENCH_NAME_UNVERIFIED; NO_BASE_PRODUCT_DESCRIPTION","Za’atar Shanklish Mouneh","شنكليش بال زعرت مونة لبنانية","mouneh libanaise","https://zaytwmouneh.com/product/shankleesh-bil-zaatar"
"shankleesh-har","Mouneh","Spicy Shanklish","شنكليش حار","SHANKLEESH HAR","","660 g","true","false","base","ARABIC_BIDI_CONTROLS; FRENCH_NAME_UNVERIFIED; NO_BASE_PRODUCT_DESCRIPTION","Spicy Shanklish Mouneh","شنكليش حار مونة لبنانية","mouneh libanaise","https://zaytwmouneh.com/product/shankleesh-har"
"sugar-free-rose-jam","Mouneh","Sugar-Free Rose Jam","خالي ورد مربى-سكر","SUGAR-FREE ROSE JAM","","250 g","true","false","base","ARABIC_BIDI_CONTROLS; FRENCH_NAME_UNVERIFIED; NO_BASE_PRODUCT_DESCRIPTION","Sugar-Free Rose Jam Mouneh","خالي ورد مربى-سكر مونة لبنانية","mouneh libanaise","https://zaytwmouneh.com/product/sugar-free-rose-jam"
"sugar-free-strawberry-jam","Mouneh","Sugar-Free Strawberry Jam","خالي فراولة مربى-سكر","SUGAR-FREE STRAWBERRY JAM","","250 g","true","false","base","ARABIC_BIDI_CONTROLS; FRENCH_NAME_UNVERIFIED; NO_BASE_PRODUCT_DESCRIPTION","Sugar-Free Strawberry Jam Mouneh","خالي فراولة مربى-سكر مونة لبنانية","mouneh libanaise","https://zaytwmouneh.com/product/sugar-free-strawberry-jam"
"warak-enab-bil-labneh","Mouneh","Grape Leaves with Labneh","ورق عنب بال لبنة","WARAK ENAB BIL LABNEH","","660 g","true","false","base","ARABIC_BIDI_CONTROLS; FRENCH_NAME_UNVERIFIED; NO_BASE_PRODUCT_DESCRIPTION","Grape Leaves with Labneh Mouneh","ورق عنب بال لبنة مونة لبنانية","mouneh libanaise","https://zaytwmouneh.com/product/warak-enab-bil-labneh"
"waraq-enab","Mouneh","Grape Leaves","ورق عنب","WARAQ ENAB","","400 g","true","false","base","ARABIC_BIDI_CONTROLS; FRENCH_NAME_UNVERIFIED; NO_BASE_PRODUCT_DESCRIPTION","Grape Leaves Mouneh","ورق عنب مونة لبنانية","mouneh libanaise","https://zaytwmouneh.com/product/waraq-enab"
"waraq-enab-bel-may","Mouneh","Grape Leaves in Water","ورق عنب بال ماء","WARAQ ENAB BEL MAY","","500 g","false","false","base","NO_EXACT_PHOTO; ARABIC_BIDI_CONTROLS; FRENCH_NAME_UNVERIFIED; NO_BASE_PRODUCT_DESCRIPTION","Grape Leaves in Water Mouneh","ورق عنب بال ماء مونة لبنانية","mouneh libanaise","https://zaytwmouneh.com/product/waraq-enab-bel-may"
"zaatar-baladi-extra","Mouneh","Extra Baladi Za’atar","زعرت بلدي إكسرتا","ZAATAR BALADI EXTRA","","1 kg; 250 g; 500 g","true","false","base","ARABIC_BIDI_CONTROLS; FRENCH_NAME_UNVERIFIED; NO_BASE_PRODUCT_DESCRIPTION","Extra Baladi Za’atar Mouneh","زعرت بلدي إكسرتا مونة لبنانية","mouneh libanaise","https://zaytwmouneh.com/product/zaatar-baladi-extra"
"zaatar-halabi","Mouneh","Aleppo Za’atar","زعرت حليب","ZAATAR HALABI","","1 kg; 250 g; 500 g","true","false","base","ARABIC_BIDI_CONTROLS; FRENCH_NAME_UNVERIFIED; NO_BASE_PRODUCT_DESCRIPTION","Aleppo Za’atar Mouneh","زعرت حليب مونة لبنانية","mouneh libanaise","https://zaytwmouneh.com/product/zaatar-halabi"
"zaatar-jordanian-mix","Mouneh","Jordanian Za'atar Blend","زعرت أردني خلطة","ZAATAR JORDANIAN MIX","","250 g; 500 g","true","false","base","ARABIC_BIDI_CONTROLS; FRENCH_NAME_UNVERIFIED; NO_BASE_PRODUCT_DESCRIPTION","Jordanian Za'atar Blend Mouneh","زعرت أردني خلطة مونة لبنانية","mouneh libanaise","https://zaytwmouneh.com/product/zaatar-jordanian-mix"
"zaatar-manakish","Mouneh","Manakish Za’atar","زعرت مناقيش","ZAATAR MANAKISH","","1 kg; 500 g","true","false","base","ARABIC_BIDI_CONTROLS; FRENCH_NAME_UNVERIFIED; NO_BASE_PRODUCT_DESCRIPTION","Manakish Za’atar Mouneh","زعرت مناقيش مونة لبنانية","mouneh libanaise","https://zaytwmouneh.com/product/zaatar-manakish"
"zaatar-with-nuts","Mouneh","Za’atar with Nuts","زعرت مع مكسرات","ZAATAR WITH NUTS","","1 (unit not listed); 250 g; 500 g","true","false","base","ARABIC_BIDI_CONTROLS; FRENCH_NAME_UNVERIFIED; NO_BASE_PRODUCT_DESCRIPTION","Za’atar with Nuts Mouneh","زعرت مع مكسرات مونة لبنانية","mouneh libanaise","https://zaytwmouneh.com/product/zaatar-with-nuts"
"zaatar-zahra-mathoun","Mouneh","Ground Wild Thyme Flowers","زعرت زاهرا مطحون","ZAATAR ZAHRA MATHOUN","","100 g; 250 g; 500 g","false","false","base","NO_EXACT_PHOTO; ARABIC_BIDI_CONTROLS; FRENCH_NAME_UNVERIFIED; NO_BASE_PRODUCT_DESCRIPTION","Ground Wild Thyme Flowers Mouneh","زعرت زاهرا مطحون مونة لبنانية","mouneh libanaise","https://zaytwmouneh.com/product/zaatar-zahra-mathoun"
"bezer-al-ketan","Nuts + Seeds","Flax Seeds","بزر ال كتان","BEZER AL KETAN","","500 g","true","false","base","DUPLICATE_EN_NAME; ARABIC_BIDI_CONTROLS; FRENCH_NAME_UNVERIFIED; NO_BASE_PRODUCT_DESCRIPTION","Flax Seeds Nuts + Seeds","بزر ال كتان مكسرات وبذور","noix et graines","https://zaytwmouneh.com/product/bezer-al-ketan"
"bezer-dwar-el-shames","Nuts + Seeds","Sunflower Seeds","بزر دوار ال الشمس","BEZER DWAR EL SHAMES","","250 g","true","false","base","ARABIC_BIDI_CONTROLS; FRENCH_NAME_UNVERIFIED; NO_BASE_PRODUCT_DESCRIPTION","Sunflower Seeds Nuts + Seeds","بزر دوار ال الشمس مكسرات وبذور","noix et graines","https://zaytwmouneh.com/product/bezer-dwar-el-shames"
"bezer-el-kettan","Nuts + Seeds","Flax Seeds","بزر ال كتان","BEZER EL KETTAN","","200 g","true","false","base","DUPLICATE_EN_NAME; ARABIC_BIDI_CONTROLS; FRENCH_NAME_UNVERIFIED; NO_BASE_PRODUCT_DESCRIPTION","Flax Seeds Nuts + Seeds","بزر ال كتان مكسرات وبذور","noix et graines","https://zaytwmouneh.com/product/bezer-el-kettan"
"bezer-el-yaqtin","Nuts + Seeds","Pumpkin Seeds","بزر ال يقطني","BEZER EL YAQTIN","","250 g; 500 g","true","false","base","ARABIC_BIDI_CONTROLS; FRENCH_NAME_UNVERIFIED; NO_BASE_PRODUCT_DESCRIPTION","Pumpkin Seeds Nuts + Seeds","بزر ال يقطني مكسرات وبذور","noix et graines","https://zaytwmouneh.com/product/bezer-el-yaqtin"
"elixir","Nuts + Seeds","Elixir","إليكسري","ELIXIR","","770 g","true","false","base","ARABIC_BIDI_CONTROLS; FRENCH_NAME_UNVERIFIED; NO_BASE_PRODUCT_DESCRIPTION","Elixir Nuts + Seeds","إليكسري مكسرات وبذور","noix et graines","https://zaytwmouneh.com/product/elixir"
"fustuq-halabi-hab","Nuts + Seeds","Whole Pistachios","فستق حليب حب","FUSTUQ HALABI HAB","","1 kg; 200 g; 500 g","true","false","base","ARABIC_BIDI_CONTROLS; FRENCH_NAME_UNVERIFIED; NO_BASE_PRODUCT_DESCRIPTION","Whole Pistachios Nuts + Seeds","فستق حليب حب مكسرات وبذور","noix et graines","https://zaytwmouneh.com/product/fustuq-halabi-hab"
"fustuq-halabi-kasr","Nuts + Seeds","Shelled Pistachios","فستق حليب كاسر","FUSTUQ HALABI KASR","","200 g","true","false","base","ARABIC_BIDI_CONTROLS; FRENCH_NAME_UNVERIFIED; NO_BASE_PRODUCT_DESCRIPTION","Shelled Pistachios Nuts + Seeds","فستق حليب كاسر مكسرات وبذور","noix et graines","https://zaytwmouneh.com/product/fustuq-halabi-kasr"
"hab-el-rashad","Nuts + Seeds","Garden Cress Seeds","حب ال رشاد","HAB EL RASHAD","","100 g","true","false","base","ARABIC_BIDI_CONTROLS; FRENCH_NAME_UNVERIFIED; NO_BASE_PRODUCT_DESCRIPTION","Garden Cress Seeds Nuts + Seeds","حب ال رشاد مكسرات وبذور","noix et graines","https://zaytwmouneh.com/product/hab-el-rashad"
"habet-el-barakeh","Nuts + Seeds","Nigella Seeds (Black Seed)","حبة ال بركة","HABET EL BARAKEH","","100 g","true","false","base","ARABIC_BIDI_CONTROLS; FRENCH_NAME_UNVERIFIED; NO_BASE_PRODUCT_DESCRIPTION","Nigella Seeds (Black Seed) Nuts + Seeds","حبة ال بركة مكسرات وبذور","noix et graines","https://zaytwmouneh.com/product/habet-el-barakeh"
"joz-farashe","Nuts + Seeds","Walnuts","جوز فاراشي","JOZ FARASHE","","200 g; 500 g","true","false","base","ARABIC_BIDI_CONTROLS; FRENCH_NAME_UNVERIFIED; NO_BASE_PRODUCT_DESCRIPTION","Walnuts Nuts + Seeds","جوز فاراشي مكسرات وبذور","noix et graines","https://zaytwmouneh.com/product/joz-farashe"
"kajo-falkat","Nuts + Seeds","Cashew Halves","كاجو فلقة","KAJO FALKAT","","200 g","true","false","base","ARABIC_BIDI_CONTROLS; FRENCH_NAME_UNVERIFIED; NO_BASE_PRODUCT_DESCRIPTION","Cashew Halves Nuts + Seeds","كاجو فلقة مكسرات وبذور","noix et graines","https://zaytwmouneh.com/product/kajo-falkat"
"krikri","Nuts + Seeds","Krikri","كريكري","KRIKRI","","250 g; 500 g","true","false","base","ARABIC_BIDI_CONTROLS; FRENCH_NAME_UNVERIFIED; NO_BASE_PRODUCT_DESCRIPTION","Krikri Nuts + Seeds","كريكري مكسرات وبذور","noix et graines","https://zaytwmouneh.com/product/krikri"
"loz-hab-be-qeshroh","Nuts + Seeds","Almonds in Shell","لوز حب بي قيشروه","LOZ HAB BE QESHROH","","200 g; 500 g","false","false","upsert","NO_EXACT_PHOTO; ARABIC_BIDI_CONTROLS; FRENCH_NAME_UNVERIFIED; NO_BASE_PRODUCT_DESCRIPTION","Almonds in Shell Nuts + Seeds","لوز حب بي قيشروه مكسرات وبذور","noix et graines","https://zaytwmouneh.com/product/loz-hab-be-qeshroh"
"loz-makshour","Nuts + Seeds","Shelled Almonds","لوز ماكشور","LOZ MAKSHOUR","","200 g","true","false","base","ARABIC_BIDI_CONTROLS; FRENCH_NAME_UNVERIFIED; NO_BASE_PRODUCT_DESCRIPTION","Shelled Almonds Nuts + Seeds","لوز ماكشور مكسرات وبذور","noix et graines","https://zaytwmouneh.com/product/loz-makshour"
"loz-mkataa","Nuts + Seeds","Sliced Almonds","لوز مقطع","LOZ MKATAA","","200 g","true","false","base","ARABIC_BIDI_CONTROLS; FRENCH_NAME_UNVERIFIED; NO_BASE_PRODUCT_DESCRIPTION","Sliced Almonds Nuts + Seeds","لوز مقطع مكسرات وبذور","noix et graines","https://zaytwmouneh.com/product/loz-mkataa"
"qlobet-naye","Nuts + Seeds","Raw Nut Kernels","قلوبيت نايي","QLOBET NAYE","","250 g; 500 g","true","false","base","ARABIC_BIDI_CONTROLS; FRENCH_NAME_UNVERIFIED; NO_BASE_PRODUCT_DESCRIPTION","Raw Nut Kernels Nuts + Seeds","قلوبيت نايي مكسرات وبذور","noix et graines","https://zaytwmouneh.com/product/qlobet-naye"
"raw-pecans","Nuts + Seeds","Raw Pecans","نيء بيكان","RAW PECANS","","250 g","true","false","base","ARABIC_BIDI_CONTROLS; FRENCH_NAME_UNVERIFIED; NO_BASE_PRODUCT_DESCRIPTION","Raw Pecans Nuts + Seeds","نيء بيكان مكسرات وبذور","noix et graines","https://zaytwmouneh.com/product/raw-pecans"
"raw-peeled-peanuts","Nuts + Seeds","Raw Peeled Peanuts","نيء مقشر فول سوداني","RAW PEELED PEANUTS","","500 g","true","false","base","FRENCH_NAME_UNVERIFIED; NO_BASE_PRODUCT_DESCRIPTION","Raw Peeled Peanuts Nuts + Seeds","نيء مقشر فول سوداني مكسرات وبذور","noix et graines","https://zaytwmouneh.com/product/raw-peeled-peanuts"
"roasted-cheese-corn","Nuts + Seeds","Roasted Cheese Corn","محمص جبنة ذرة","ROASTED CHEESE CORN","","250 g; 400 g","true","false","base","ARABIC_BIDI_CONTROLS; FRENCH_NAME_UNVERIFIED; NO_BASE_PRODUCT_DESCRIPTION","Roasted Cheese Corn Nuts + Seeds","محمص جبنة ذرة مكسرات وبذور","noix et graines","https://zaytwmouneh.com/product/roasted-cheese-corn"
"roasted-salted-corn","Nuts + Seeds","Roasted Salted Corn","محمص مملح ذرة","ROASTED SALTED CORN","","250 g; 500 g","true","false","base","ARABIC_BIDI_CONTROLS; FRENCH_NAME_UNVERIFIED; NO_BASE_PRODUCT_DESCRIPTION","Roasted Salted Corn Nuts + Seeds","محمص مملح ذرة مكسرات وبذور","noix et graines","https://zaytwmouneh.com/product/roasted-salted-corn"
"shea-seeds","Nuts + Seeds","Chia Seeds","شيا بذور","SHEA SEEDS","","200 g; 500 g","true","false","base","ARABIC_BIDI_CONTROLS; FRENCH_NAME_UNVERIFIED; NO_BASE_PRODUCT_DESCRIPTION","Chia Seeds Nuts + Seeds","شيا بذور مكسرات وبذور","noix et graines","https://zaytwmouneh.com/product/shea-seeds"
"snoubar","Nuts + Seeds","Pine Nuts","صنوبر","SNOUBAR","","100 g","true","false","base","ARABIC_BIDI_CONTROLS; FRENCH_NAME_UNVERIFIED; NO_BASE_PRODUCT_DESCRIPTION","Pine Nuts Nuts + Seeds","صنوبر مكسرات وبذور","noix et graines","https://zaytwmouneh.com/product/snoubar"
"somsom-be-kshroh","Nuts + Seeds","Unhulled Sesame Seeds","سمسم بي قشره","SOMSOM BE KSHROH","","500 g","true","false","base","ARABIC_BIDI_CONTROLS; FRENCH_NAME_UNVERIFIED; NO_BASE_PRODUCT_DESCRIPTION","Unhulled Sesame Seeds Nuts + Seeds","سمسم بي قشره مكسرات وبذور","noix et graines","https://zaytwmouneh.com/product/somsom-be-kshroh"
"somsom-mhamas","Nuts + Seeds","Toasted Sesame","سمسم محمص","SOMSOM MHAMAS","","500 g","false","false","base","NO_EXACT_PHOTO; ARABIC_BIDI_CONTROLS; FRENCH_NAME_UNVERIFIED; NO_BASE_PRODUCT_DESCRIPTION","Toasted Sesame Nuts + Seeds","سمسم محمص مكسرات وبذور","noix et graines","https://zaytwmouneh.com/product/somsom-mhamas"
"somsom-nay","Nuts + Seeds","Raw Sesame","سمسم نيء","SOMSOM NAY","","500 g","false","false","base","NO_EXACT_PHOTO; ARABIC_BIDI_CONTROLS; FRENCH_NAME_UNVERIFIED; NO_BASE_PRODUCT_DESCRIPTION","Raw Sesame Nuts + Seeds","سمسم نيء مكسرات وبذور","noix et graines","https://zaytwmouneh.com/product/somsom-nay"
"argan-oil","Oils","Argan Oil","زيت األرغان","ARGAN OIL","","30 ml","true","false","base","ARABIC_BIDI_CONTROLS; FRENCH_NAME_UNVERIFIED; NO_BASE_PRODUCT_DESCRIPTION","Argan Oil Oils","زيت األرغان الزيوت","huiles","https://zaytwmouneh.com/product/argan-oil"
"bitter-almond-oil","Oils","Bitter Almond Oil","مر لوز زيت","BITTER ALMOND OIL","","30 ml","true","false","base","ARABIC_BIDI_CONTROLS; FRENCH_NAME_UNVERIFIED; NO_BASE_PRODUCT_DESCRIPTION","Bitter Almond Oil Oils","مر لوز زيت الزيوت","huiles","https://zaytwmouneh.com/product/bitter-almond-oil"
"blackseed-oil","Oils","Black Seed Oil","زيت الحبة السوداء","BLACKSEED OIL","","30 ml","true","false","base","ARABIC_BIDI_CONTROLS; FRENCH_NAME_UNVERIFIED; NO_BASE_PRODUCT_DESCRIPTION","Black Seed Oil Oils","زيت الحبة السوداء الزيوت","huiles","https://zaytwmouneh.com/product/blackseed-oil"
"castor-seeds-oil","Oils","Castor Seed Oil","كاستور بذور زيت","CASTOR SEEDS OIL","","30 ml","false","false","base","NO_EXACT_PHOTO; ARABIC_BIDI_CONTROLS; FRENCH_NAME_UNVERIFIED; NO_BASE_PRODUCT_DESCRIPTION","Castor Seed Oil Oils","كاستور بذور زيت الزيوت","huiles","https://zaytwmouneh.com/product/castor-seeds-oil"
"coconut-oil","Oils","Coconut Oil","جوز هند زيت","COCONUT OIL","","30 ml","true","false","base","ARABIC_BIDI_CONTROLS; FRENCH_NAME_UNVERIFIED; NO_BASE_PRODUCT_DESCRIPTION","Coconut Oil Oils","جوز هند زيت الزيوت","huiles","https://zaytwmouneh.com/product/coconut-oil"
"pumpkin-seed-oil","Oils","Pumpkin Seed Oil","بومبكني سيد زيت","PUMPKIN SEED OIL","","30 ml","true","false","base","ARABIC_BIDI_CONTROLS; FRENCH_NAME_UNVERIFIED; NO_BASE_PRODUCT_DESCRIPTION","Pumpkin Seed Oil Oils","بومبكني سيد زيت الزيوت","huiles","https://zaytwmouneh.com/product/pumpkin-seed-oil"
"rose-oil","Oils","Rose Oil","ورد زيت","ROSE OIL","","30 ml","true","false","base","ARABIC_BIDI_CONTROLS; FRENCH_NAME_UNVERIFIED; NO_BASE_PRODUCT_DESCRIPTION","Rose Oil Oils","ورد زيت الزيوت","huiles","https://zaytwmouneh.com/product/rose-oil"
"rosemary-oil","Oils","Rosemary Oil","إكليل الجبل زيت","ROSEMARY OIL","","30 ml","true","false","base","ARABIC_BIDI_CONTROLS; FRENCH_NAME_UNVERIFIED; NO_BASE_PRODUCT_DESCRIPTION","Rosemary Oil Oils","إكليل الجبل زيت الزيوت","huiles","https://zaytwmouneh.com/product/rosemary-oil"
"saad-oil","Oils","Saad Oil","ساد زيت","SAAD OIL","","30 ml","true","false","base","ARABIC_BIDI_CONTROLS; FRENCH_NAME_UNVERIFIED; NO_BASE_PRODUCT_DESCRIPTION","Saad Oil Oils","ساد زيت الزيوت","huiles","https://zaytwmouneh.com/product/saad-oil"
"sweet-almond-oil","Oils","Sweet Almond Oil","حلو لوز زيت","SWEET ALMOND OIL","","30 ml","true","false","base","ARABIC_BIDI_CONTROLS; FRENCH_NAME_UNVERIFIED; NO_BASE_PRODUCT_DESCRIPTION","Sweet Almond Oil Oils","حلو لوز زيت الزيوت","huiles","https://zaytwmouneh.com/product/sweet-almond-oil"
"viventia-rosemary-oil","Oils","Viventia Rosemary Oil","فيفينتيا إكليل الجبل زيت","VIVENTIA ROSEMARY OIL","","30 ml","true","false","base","ARABIC_BIDI_CONTROLS; FRENCH_NAME_UNVERIFIED; NO_BASE_PRODUCT_DESCRIPTION","Viventia Rosemary Oil Oils","فيفينتيا إكليل الجبل زيت الزيوت","huiles","https://zaytwmouneh.com/product/viventia-rosemary-oil"
"extra-virgin-olive-oil","Olive Oil","Extra Virgin Olive Oil","زيت زيتون بكر ممتاز","EXTRA VIRGIN OLIVE OIL","","1 L; 4 L; 17.54 L; 500 ml; 8.77 L","true","false","base","ARABIC_BIDI_CONTROLS; FRENCH_NAME_UNVERIFIED; NO_BASE_PRODUCT_DESCRIPTION","Extra Virgin Olive Oil Olive Oil","زيت زيتون بكر ممتاز زيت الزيتون","huile d’olive","https://zaytwmouneh.com/product/extra-virgin-olive-oil"
"zaytoun-akhdar-baladi","Olives","Local Green Olives","زيتون أخضر بلدي","ZAYTOUN AKHDAR BALADI","","1 kg; 2.5 kg; 3.75 kg","true","false","base","ARABIC_BIDI_CONTROLS; FRENCH_NAME_UNVERIFIED; NO_BASE_PRODUCT_DESCRIPTION","Local Green Olives Olives","زيتون أخضر بلدي زيتون","olives","https://zaytwmouneh.com/product/zaytoun-akhdar-baladi"
"zaytoun-akhdar-beqaa","Olives","Bekaa Green Olives","زيتون أخضر البقاع","ZAYTOUN AKHDAR BEQAA","","3.75 kg; 660 g","false","false","base","NO_EXACT_PHOTO; ARABIC_BIDI_CONTROLS; FRENCH_NAME_UNVERIFIED; NO_BASE_PRODUCT_DESCRIPTION","Bekaa Green Olives Olives","زيتون أخضر البقاع زيتون","olives","https://zaytwmouneh.com/product/zaytoun-akhdar-beqaa"
"zaytoun-akhdar-koura","Olives","Koura Green Olives","زيتون أخضر الكورة","ZAYTOUN AKHDAR KOURA","","1 kg","true","false","base","ARABIC_BIDI_CONTROLS; FRENCH_NAME_UNVERIFIED; NO_BASE_PRODUCT_DESCRIPTION","Koura Green Olives Olives","زيتون أخضر الكورة زيتون","olives","https://zaytwmouneh.com/product/zaytoun-akhdar-koura"
"zaytoun-akhdar-mahshe-har","Olives","Spicy Stuffed Green Olives","زيتون أخضر ماهيش حار","ZAYTOUN AKHDAR MAHSHE HAR","","360 g","false","false","base","DUPLICATE_EN_NAME; NO_EXACT_PHOTO; ARABIC_BIDI_CONTROLS; FRENCH_NAME_UNVERIFIED; NO_BASE_PRODUCT_DESCRIPTION","Spicy Stuffed Green Olives Olives","زيتون أخضر ماهيش حار زيتون","olives","https://zaytwmouneh.com/product/zaytoun-akhdar-mahshe-har"
"zaytoun-akhdar-mehshe-har","Olives","Spicy Stuffed Green Olives","زيتون أخضر ميهيش حار","ZAYTOUN AKHDAR MEHSHE HAR","","2.5 kg","false","false","base","DUPLICATE_EN_NAME; NO_EXACT_PHOTO; ARABIC_BIDI_CONTROLS; FRENCH_NAME_UNVERIFIED; NO_BASE_PRODUCT_DESCRIPTION","Spicy Stuffed Green Olives Olives","زيتون أخضر ميهيش حار زيتون","olives","https://zaytwmouneh.com/product/zaytoun-akhdar-mehshe-har"
"zaytoun-aswad-baladi","Olives","Local Black Olives","زيتون أسود بلدي","ZAYTOUN ASWAD BALADI","","3.75 kg; 2.5 kg","true","false","base","ARABIC_BIDI_CONTROLS; FRENCH_NAME_UNVERIFIED; NO_BASE_PRODUCT_DESCRIPTION","Local Black Olives Olives","زيتون أسود بلدي زيتون","olives","https://zaytwmouneh.com/product/zaytoun-aswad-baladi"
"zaytoun-aswad-beqaa","Olives","Bekaa Black Olives","زيتون أسود البقاع","ZAYTOUN ASWAD BEQAA","","660 g","false","false","base","NO_EXACT_PHOTO; ARABIC_BIDI_CONTROLS; FRENCH_NAME_UNVERIFIED; NO_BASE_PRODUCT_DESCRIPTION","Bekaa Black Olives Olives","زيتون أسود البقاع زيتون","olives","https://zaytwmouneh.com/product/zaytoun-aswad-beqaa"
"zaytoun-jarjir","Olives","Jarjir Olives","زيتون جرجري","ZAYTOUN JARJIR","","1 kg","true","false","base","ARABIC_BIDI_CONTROLS; FRENCH_NAME_UNVERIFIED; NO_BASE_PRODUCT_DESCRIPTION","Jarjir Olives Olives","زيتون جرجري زيتون","olives","https://zaytwmouneh.com/product/zaytoun-jarjir"
"ardi-shawki","Pickles","Pickled Artichoke","اردي شاوكي","ARDI SHAWKI","","1 kg","true","false","base","ARABIC_BIDI_CONTROLS; FRENCH_NAME_UNVERIFIED; NO_BASE_PRODUCT_DESCRIPTION","Pickled Artichoke Pickles","اردي شاوكي مخللات","pickles","https://zaytwmouneh.com/product/ardi-shawki"
"cornichon","Pickles","Gherkins","كورنيتشون","CORNICHON","","800 g","true","false","base","ARABIC_BIDI_CONTROLS; FRENCH_NAME_UNVERIFIED; NO_BASE_PRODUCT_DESCRIPTION","Gherkins Pickles","كورنيتشون مخللات","pickles","https://zaytwmouneh.com/product/cornichon"
"kabees-el-loz","Pickles","Pickled Almonds","كبيس ال لوز","KABEES EL LOZ","","660 g","false","false","base","NO_EXACT_PHOTO; ARABIC_BIDI_CONTROLS; FRENCH_NAME_UNVERIFIED; NO_BASE_PRODUCT_DESCRIPTION","Pickled Almonds Pickles","كبيس ال لوز مخللات","pickles","https://zaytwmouneh.com/product/kabees-el-loz"
"kabees-khyar","Pickles","Pickled Cucumber","كبيس خيار","KABEES KHYAR","","660 g","true","false","base","ARABIC_BIDI_CONTROLS; FRENCH_NAME_UNVERIFIED; NO_BASE_PRODUCT_DESCRIPTION","Pickled Cucumber Pickles","كبيس خيار مخللات","pickles","https://zaytwmouneh.com/product/kabees-khyar"
"kabees-left","Pickles","Pickled Turnip","كبيس ليفت","KABEES LEFT","","660 g","true","false","base","ARABIC_BIDI_CONTROLS; FRENCH_NAME_UNVERIFIED; NO_BASE_PRODUCT_DESCRIPTION","Pickled Turnip Pickles","كبيس ليفت مخللات","pickles","https://zaytwmouneh.com/product/kabees-left"
"kabees-meete","Pickles","Meete Pickles","كبيس مييت","KABEES MEETE","","660 g","true","false","base","ARABIC_BIDI_CONTROLS; FRENCH_NAME_UNVERIFIED; NO_BASE_PRODUCT_DESCRIPTION","Meete Pickles Pickles","كبيس مييت مخللات","pickles","https://zaytwmouneh.com/product/kabees-meete"
"kabees-meshakal","Pickles","Mixed Pickles","كبيس ميشاكال","KABEES MESHAKAL","","Size not listed","true","false","base","FRENCH_NAME_UNVERIFIED; NO_BASE_PRODUCT_DESCRIPTION","Mixed Pickles Pickles","كبيس ميشاكال مخللات","pickles","https://zaytwmouneh.com/product/kabees-meshakal"
"kabes-har","Pickles","Spicy Pickles","كبيس حار","KABES HAR","","1.35 kg","true","false","base","ARABIC_BIDI_CONTROLS; FRENCH_NAME_UNVERIFIED; NO_BASE_PRODUCT_DESCRIPTION","Spicy Pickles Pickles","كبيس حار مخللات","pickles","https://zaytwmouneh.com/product/kabes-har"
"aadas-aarid","Pulses","Large Lentils","عدس اريد","AADAS AARID","","1 kg; 2 kg","true","false","base","ARABIC_BIDI_CONTROLS; FRENCH_NAME_UNVERIFIED; NO_BASE_PRODUCT_DESCRIPTION","Large Lentils Pulses","عدس اريد بقوليات","légumineuses","https://zaytwmouneh.com/product/aadas-aarid"
"aadas-majroush","Pulses","Split Lentils","عدس ماجروش","AADAS MAJROUSH","","1 kg; 2 kg","true","false","base","ARABIC_BIDI_CONTROLS; FRENCH_NAME_UNVERIFIED; NO_BASE_PRODUCT_DESCRIPTION","Split Lentils Pulses","عدس ماجروش بقوليات","légumineuses","https://zaytwmouneh.com/product/aadas-majroush"
"austrailian-aadas","Pulses","Australian Lentils","اوسرتايليان عدس","AUSTRAILIAN AADAS","","1 kg","true","false","base","ARABIC_BIDI_CONTROLS; FRENCH_NAME_UNVERIFIED; NO_BASE_PRODUCT_DESCRIPTION","Australian Lentils Pulses","اوسرتايليان عدس بقوليات","légumineuses","https://zaytwmouneh.com/product/austrailian-aadas"
"bazela-yebsa","Pulses","Dried Peas","بازالء يابسة","BAZELA YEBSA","","1 kg","true","false","base","ARABIC_BIDI_CONTROLS; FRENCH_NAME_UNVERIFIED; NO_BASE_PRODUCT_DESCRIPTION","Dried Peas Pulses","بازالء يابسة بقوليات","légumineuses","https://zaytwmouneh.com/product/bazela-yebsa"
"fasolya-aarida","Pulses","Broad White Beans","فاصوليا عريضة","FASOLYA AARIDA","","1 kg","true","false","base","ARABIC_BIDI_CONTROLS; FRENCH_NAME_UNVERIFIED; NO_BASE_PRODUCT_DESCRIPTION","Broad White Beans Pulses","فاصوليا عريضة بقوليات","légumineuses","https://zaytwmouneh.com/product/fasolya-aarida"
"fasolya-snoubareye","Pulses","Pine-Shaped Beans","فاصوليا صنوبرية","FASOLYA SNOUBAREYE","","1 kg","true","false","base","ARABIC_BIDI_CONTROLS; FRENCH_NAME_UNVERIFIED; NO_BASE_PRODUCT_DESCRIPTION","Pine-Shaped Beans Pulses","فاصوليا صنوبرية بقوليات","légumineuses","https://zaytwmouneh.com/product/fasolya-snoubareye"
"foul-aarid","Pulses","Large Fava Beans","فول اريد","FOUL AARID","","1 kg; 500 g","true","false","base","ARABIC_BIDI_CONTROLS; FRENCH_NAME_UNVERIFIED; NO_BASE_PRODUCT_DESCRIPTION","Large Fava Beans Pulses","فول اريد بقوليات","légumineuses","https://zaytwmouneh.com/product/foul-aarid"
"foul-mdamas","Pulses","Fava Beans for Foul Mdammas","فول مداماس","FOUL MDAMAS","","1 kg; 500 g","true","false","base","ARABIC_BIDI_CONTROLS; FRENCH_NAME_UNVERIFIED; NO_BASE_PRODUCT_DESCRIPTION","Fava Beans for Foul Mdammas Pulses","فول مداماس بقوليات","légumineuses","https://zaytwmouneh.com/product/foul-mdamas"
"humus-amreeki","Pulses","American Chickpeas","حمص امريكي","HUMUS AMREEKI","","1 kg; 500 g","false","false","base","NO_EXACT_PHOTO; ARABIC_BIDI_CONTROLS; FRENCH_NAME_UNVERIFIED; NO_BASE_PRODUCT_DESCRIPTION","American Chickpeas Pulses","حمص امريكي بقوليات","légumineuses","https://zaytwmouneh.com/product/humus-amreeki"
"humus-baladi","Pulses","Local Chickpeas","حمص بلدي","HUMUS BALADI","","1 kg","true","false","base","ARABIC_BIDI_CONTROLS; FRENCH_NAME_UNVERIFIED; NO_BASE_PRODUCT_DESCRIPTION","Local Chickpeas Pulses","حمص بلدي بقوليات","légumineuses","https://zaytwmouneh.com/product/humus-baladi"
"humus-fahle","Pulses","Large Chickpeas","حمص فحلة","HUMUS FAHLE","","2 kg; 1 kg","true","false","base","ARABIC_BIDI_CONTROLS; FRENCH_NAME_UNVERIFIED; NO_BASE_PRODUCT_DESCRIPTION","Large Chickpeas Pulses","حمص فحلة بقوليات","légumineuses","https://zaytwmouneh.com/product/humus-fahle"
"termos-helo","Pulses","Sweet Lupini Beans","تريموس هيلو","TERMOS HELO","","1 kg; 500 g","true","false","base","ARABIC_BIDI_CONTROLS; FRENCH_NAME_UNVERIFIED; NO_BASE_PRODUCT_DESCRIPTION","Sweet Lupini Beans Pulses","تريموس هيلو بقوليات","légumineuses","https://zaytwmouneh.com/product/termos-helo"
"termos-morr","Pulses","Bitter Lupini Beans","تريموس مر","TERMOS MORR","","1 kg","true","false","base","ARABIC_BIDI_CONTROLS; FRENCH_NAME_UNVERIFIED; NO_BASE_PRODUCT_DESCRIPTION","Bitter Lupini Beans Pulses","تريموس مر بقوليات","légumineuses","https://zaytwmouneh.com/product/termos-morr"
"bee-pollen-soap","Soap","Bee Pollen Soap","حبوب لقاح النحل صابون","BEE POLLEN SOAP","","Size not listed","true","false","base","ARABIC_BIDI_CONTROLS; FRENCH_NAME_UNVERIFIED; NO_BASE_PRODUCT_DESCRIPTION","Bee Pollen Soap Soap","حبوب لقاح النحل صابون صابون","savon","https://zaytwmouneh.com/product/bee-pollen-soap"
"coal-soap","Soap","Charcoal Soap","فحم صابون","COAL SOAP","","Size not listed","true","false","base","ARABIC_BIDI_CONTROLS; FRENCH_NAME_UNVERIFIED; NO_BASE_PRODUCT_DESCRIPTION","Charcoal Soap Soap","فحم صابون صابون","savon","https://zaytwmouneh.com/product/coal-soap"
"hive-soap","Soap","Hive Soap","خلية صابون","HIVE SOAP","","Size not listed","true","false","base","ARABIC_BIDI_CONTROLS; FRENCH_NAME_UNVERIFIED; NO_BASE_PRODUCT_DESCRIPTION","Hive Soap Soap","خلية صابون صابون","savon","https://zaytwmouneh.com/product/hive-soap"
"honey-soap","Soap","Honey Soap","عسل صابون","HONEY SOAP","","Size not listed","true","false","base","ARABIC_BIDI_CONTROLS; FRENCH_NAME_UNVERIFIED; NO_BASE_PRODUCT_DESCRIPTION","Honey Soap Soap","عسل صابون صابون","savon","https://zaytwmouneh.com/product/honey-soap"
"olive-oil-soap","Soap","Olive Oil Soap","زيتون زيت صابون","OLIVE OIL SOAP","","Size not listed","true","false","base","ARABIC_BIDI_CONTROLS; FRENCH_NAME_UNVERIFIED; NO_BASE_PRODUCT_DESCRIPTION","Olive Oil Soap Soap","زيتون زيت صابون صابون","savon","https://zaytwmouneh.com/product/olive-oil-soap"
"arabic-gum","Spices","Arabic Gum","عربي صمغ","ARABIC GUM","","100 g","true","false","base","ARABIC_BIDI_CONTROLS; FRENCH_NAME_UNVERIFIED; NO_BASE_PRODUCT_DESCRIPTION","Arabic Gum Spices","عربي صمغ بهارات","épices","https://zaytwmouneh.com/product/arabic-gum"
"bahar-maghrabiya","Spices","Moghrabieh Seasoning","بهار مغربية","BAHAR MAGHRABIYA","","100 g","true","false","base","ARABIC_BIDI_CONTROLS; FRENCH_NAME_UNVERIFIED; NO_BASE_PRODUCT_DESCRIPTION","Moghrabieh Seasoning Spices","بهار مغربية بهارات","épices","https://zaytwmouneh.com/product/bahar-maghrabiya"
"bahar-maklouba","Spices","Maqluba Seasoning","بهار مقلوبة","BAHAR MAKLOUBA","","100 g","true","false","base","ARABIC_BIDI_CONTROLS; FRENCH_NAME_UNVERIFIED; NO_BASE_PRODUCT_DESCRIPTION","Maqluba Seasoning Spices","بهار مقلوبة بهارات","épices","https://zaytwmouneh.com/product/bahar-maklouba"
"bahar-ouzi","Spices","Ouzi Seasoning","بهار أوزي","BAHAR OUZI","","100 g","true","false","base","ARABIC_BIDI_CONTROLS; FRENCH_NAME_UNVERIFIED; NO_BASE_PRODUCT_DESCRIPTION","Ouzi Seasoning Spices","بهار أوزي بهارات","épices","https://zaytwmouneh.com/product/bahar-ouzi"
"bhar-abyad","Spices","White Pepper","بهار أبيض","BHAR ABYAD","","50 g","true","false","base","ARABIC_BIDI_CONTROLS; FRENCH_NAME_UNVERIFIED; NO_BASE_PRODUCT_DESCRIPTION","White Pepper Spices","بهار أبيض بهارات","épices","https://zaytwmouneh.com/product/bhar-abyad"
"bhar-aswad-hab","Spices","Whole Black Pepper","بهار أسود حب","BHAR ASWAD HAB","","100 g","true","false","base","ARABIC_BIDI_CONTROLS; FRENCH_NAME_UNVERIFIED; NO_BASE_PRODUCT_DESCRIPTION","Whole Black Pepper Spices","بهار أسود حب بهارات","épices","https://zaytwmouneh.com/product/bhar-aswad-hab"
"bhar-aswad-har","Spices","Hot Black Pepper","بهار أسود حار","BHAR ASWAD HAR","","100 g","false","false","base","NO_EXACT_PHOTO; ARABIC_BIDI_CONTROLS; FRENCH_NAME_UNVERIFIED; NO_BASE_PRODUCT_DESCRIPTION","Hot Black Pepper Spices","بهار أسود حار بهارات","épices","https://zaytwmouneh.com/product/bhar-aswad-har"
"bhar-batata","Spices","Potato Seasoning","بهار بطاطا","BHAR BATATA","","1 kg; 100 g","true","false","base","ARABIC_BIDI_CONTROLS; FRENCH_NAME_UNVERIFIED; NO_BASE_PRODUCT_DESCRIPTION","Potato Seasoning Spices","بهار بطاطا بهارات","épices","https://zaytwmouneh.com/product/bhar-batata"
"bhar-crispy","Spices","Crispy Seasoning","بهار مقرمش","BHAR CRISPY","","100 g","false","false","base","NO_EXACT_PHOTO; ARABIC_BIDI_CONTROLS; FRENCH_NAME_UNVERIFIED; NO_BASE_PRODUCT_DESCRIPTION","Crispy Seasoning Spices","بهار مقرمش بهارات","épices","https://zaytwmouneh.com/product/bhar-crispy"
"bhar-dajaj","Spices","Chicken Seasoning","بهار دجاج","BHAR DAJAJ","","100 g","false","false","base","NO_EXACT_PHOTO; ARABIC_BIDI_CONTROLS; FRENCH_NAME_UNVERIFIED; NO_BASE_PRODUCT_DESCRIPTION","Chicken Seasoning Spices","بهار دجاج بهارات","épices","https://zaytwmouneh.com/product/bhar-dajaj"
"bhar-el-escalope","Spices","Escalope Seasoning","بهار ال إسكالوب","BHAR EL ESCALOPE","","100 g","true","false","base","ARABIC_BIDI_CONTROLS; FRENCH_NAME_UNVERIFIED; NO_BASE_PRODUCT_DESCRIPTION","Escalope Seasoning Spices","بهار ال إسكالوب بهارات","épices","https://zaytwmouneh.com/product/bhar-el-escalope"
"bhar-el-riz","Spices","Rice Seasoning","بهار ال رز","BHAR EL RIZ","","100 g","true","false","base","ARABIC_BIDI_CONTROLS; FRENCH_NAME_UNVERIFIED; NO_BASE_PRODUCT_DESCRIPTION","Rice Seasoning Spices","بهار ال رز بهارات","épices","https://zaytwmouneh.com/product/bhar-el-riz"
"bhar-el-salek","Spices","Swiss Chard Seasoning","بهار ال سلق","BHAR EL SALEK","","200 g","true","false","base","ARABIC_BIDI_CONTROLS; FRENCH_NAME_UNVERIFIED; NO_BASE_PRODUCT_DESCRIPTION","Swiss Chard Seasoning Spices","بهار ال سلق بهارات","épices","https://zaytwmouneh.com/product/bhar-el-salek"
"bhar-el-tawouk","Spices","Shish Tawook Seasoning","بهار ال طاووق","BHAR EL TAWOUK","","100 g","true","false","base","ARABIC_BIDI_CONTROLS; FRENCH_NAME_UNVERIFIED; NO_BASE_PRODUCT_DESCRIPTION","Shish Tawook Seasoning Spices","بهار ال طاووق بهارات","épices","https://zaytwmouneh.com/product/bhar-el-tawouk"
"bhar-fahita","Spices","Fajita Seasoning","بهار فاهيتا","BHAR FAHITA","","100 g","true","false","base","ARABIC_BIDI_CONTROLS; FRENCH_NAME_UNVERIFIED; NO_BASE_PRODUCT_DESCRIPTION","Fajita Seasoning Spices","بهار فاهيتا بهارات","épices","https://zaytwmouneh.com/product/bhar-fahita"
"bhar-helo","Spices","Allspice","بهار هيلو","BHAR HELO","","100 g","true","false","base","ARABIC_BIDI_CONTROLS; FRENCH_NAME_UNVERIFIED; NO_BASE_PRODUCT_DESCRIPTION","Allspice Spices","بهار هيلو بهارات","épices","https://zaytwmouneh.com/product/bhar-helo"
"bhar-kabse","Spices","Kabsa Seasoning","بهار كبسة","BHAR KABSE","","100 g","true","false","base","ARABIC_BIDI_CONTROLS; FRENCH_NAME_UNVERIFIED; NO_BASE_PRODUCT_DESCRIPTION","Kabsa Seasoning Spices","بهار كبسة بهارات","épices","https://zaytwmouneh.com/product/bhar-kabse"
"bhar-lahme","Spices","Meat Seasoning","بهار لحمة","BHAR LAHME","","100 g","false","false","base","NO_EXACT_PHOTO; ARABIC_BIDI_CONTROLS; FRENCH_NAME_UNVERIFIED; NO_BASE_PRODUCT_DESCRIPTION","Meat Seasoning Spices","بهار لحمة بهارات","épices","https://zaytwmouneh.com/product/bhar-lahme"
"bhar-lahme-baajeen","Spices","Lahm bi Ajeen Seasoning","بهار لحمة بعجني","BHAR LAHME BAAJEEN","","100 g","true","false","base","ARABIC_BIDI_CONTROLS; FRENCH_NAME_UNVERIFIED; NO_BASE_PRODUCT_DESCRIPTION","Lahm bi Ajeen Seasoning Spices","بهار لحمة بعجني بهارات","épices","https://zaytwmouneh.com/product/bhar-lahme-baajeen"
"bhar-maggi","Spices","Maggi Seasoning","بهار ماجي","BHAR MAGGI","","100 g","true","false","base","ARABIC_BIDI_CONTROLS; FRENCH_NAME_UNVERIFIED; NO_BASE_PRODUCT_DESCRIPTION","Maggi Seasoning Spices","بهار ماجي بهارات","épices","https://zaytwmouneh.com/product/bhar-maggi"
"bhar-mansaf","Spices","Mansaf Seasoning","بهار منسف","BHAR MANSAF","","100 g","true","false","base","ARABIC_BIDI_CONTROLS; FRENCH_NAME_UNVERIFIED; NO_BASE_PRODUCT_DESCRIPTION","Mansaf Seasoning Spices","بهار منسف بهارات","épices","https://zaytwmouneh.com/product/bhar-mansaf"
"bhar-mashawe","Spices","Grilling Seasoning","بهار مشاوي","BHAR MASHAWE","","100 g","false","false","base","NO_EXACT_PHOTO; ARABIC_BIDI_CONTROLS; FRENCH_NAME_UNVERIFIED; NO_BASE_PRODUCT_DESCRIPTION","Grilling Seasoning Spices","بهار مشاوي بهارات","épices","https://zaytwmouneh.com/product/bhar-mashawe"
"bhar-philadelphia","Spices","Philadelphia Seasoning","بهار فيالدلفيا","BHAR PHILADELPHIA","","100 g","true","false","base","ARABIC_BIDI_CONTROLS; FRENCH_NAME_UNVERIFIED; NO_BASE_PRODUCT_DESCRIPTION","Philadelphia Seasoning Spices","بهار فيالدلفيا بهارات","épices","https://zaytwmouneh.com/product/bhar-philadelphia"
"bhar-samak","Spices","Fish Seasoning","بهار سمك","BHAR SAMAK","","200 g","true","false","base","ARABIC_BIDI_CONTROLS; FRENCH_NAME_UNVERIFIED; NO_BASE_PRODUCT_DESCRIPTION","Fish Seasoning Spices","بهار سمك بهارات","épices","https://zaytwmouneh.com/product/bhar-samak"
"bhar-shawarma-djej","Spices","Chicken Shawarma Seasoning","بهار شاورما دجاج","BHAR SHAWARMA DJEJ","","100 g","true","false","base","ARABIC_BIDI_CONTROLS; FRENCH_NAME_UNVERIFIED; NO_BASE_PRODUCT_DESCRIPTION","Chicken Shawarma Seasoning Spices","بهار شاورما دجاج بهارات","épices","https://zaytwmouneh.com/product/bhar-shawarma-djej"
"bhar-shawarma-lahme","Spices","Meat Shawarma Seasoning","بهار شاورما لحمة","BHAR SHAWARMA LAHME","","100 g","true","false","base","ARABIC_BIDI_CONTROLS; FRENCH_NAME_UNVERIFIED; NO_BASE_PRODUCT_DESCRIPTION","Meat Shawarma Seasoning Spices","بهار شاورما لحمة بهارات","épices","https://zaytwmouneh.com/product/bhar-shawarma-lahme"
"bodret-el-basal","Spices","Onion Powder","بودريت ال بصل","BODRET EL BASAL","","100 g","true","false","base","ARABIC_BIDI_CONTROLS; FRENCH_NAME_UNVERIFIED; NO_BASE_PRODUCT_DESCRIPTION","Onion Powder Spices","بودريت ال بصل بهارات","épices","https://zaytwmouneh.com/product/bodret-el-basal"
"bodret-el-thoumm","Spices","Garlic Powder","بودريت ال ثوم","BODRET EL THOUMM","","100 g","false","false","base","NO_EXACT_PHOTO; ARABIC_BIDI_CONTROLS; FRENCH_NAME_UNVERIFIED; NO_BASE_PRODUCT_DESCRIPTION","Garlic Powder Spices","بودريت ال ثوم بهارات","épices","https://zaytwmouneh.com/product/bodret-el-thoumm"
"daqet-el-kaek","Spices","Kaak Spice Mix","داقيت ال كعك","DAQET EL KAEK","","50 g","true","false","base","ARABIC_BIDI_CONTROLS; FRENCH_NAME_UNVERIFIED; NO_BASE_PRODUCT_DESCRIPTION","Kaak Spice Mix Spices","داقيت ال كعك بهارات","épices","https://zaytwmouneh.com/product/daqet-el-kaek"
"daqet-el-kebbe-hab","Spices","Whole Kibbeh Spice","داقيت ال كبة حب","DAQET EL KEBBE HAB","","200 g","true","false","base","ARABIC_BIDI_CONTROLS; FRENCH_NAME_UNVERIFIED; NO_BASE_PRODUCT_DESCRIPTION","Whole Kibbeh Spice Spices","داقيت ال كبة حب بهارات","épices","https://zaytwmouneh.com/product/daqet-el-kebbe-hab"
"daqet-el-kebbe-nehme","Spices","Ground Kibbeh Spice","داقيت ال كبة نعمة","DAQET EL KEBBE NEHME","","100 g","true","false","base","ARABIC_BIDI_CONTROLS; FRENCH_NAME_UNVERIFIED; NO_BASE_PRODUCT_DESCRIPTION","Ground Kibbeh Spice Spices","داقيت ال كبة نعمة بهارات","épices","https://zaytwmouneh.com/product/daqet-el-kebbe-nehme"
"daqet-kaak-el-abas","Spices","Abbas Kaak Spice Mix","داقيت كعك ال عباس","DAQET KAAK EL ABAS","","100 g","true","false","base","ARABIC_BIDI_CONTROLS; FRENCH_NAME_UNVERIFIED; NO_BASE_PRODUCT_DESCRIPTION","Abbas Kaak Spice Mix Spices","داقيت كعك ال عباس بهارات","épices","https://zaytwmouneh.com/product/daqet-kaak-el-abas"
"hail-hab","Spices","Whole Cardamom","هيل حب","HAIL HAB","","50 g","true","false","base","ARABIC_BIDI_CONTROLS; FRENCH_NAME_UNVERIFIED; NO_BASE_PRODUCT_DESCRIPTION","Whole Cardamom Spices","هيل حب بهارات","épices","https://zaytwmouneh.com/product/hail-hab"
"hail-naem","Spices","Ground Cardamom","هيل ناعم","HAIL NAEM","","50 g","false","false","base","NO_EXACT_PHOTO; ARABIC_BIDI_CONTROLS; FRENCH_NAME_UNVERIFIED; NO_BASE_PRODUCT_DESCRIPTION","Ground Cardamom Spices","هيل ناعم بهارات","épices","https://zaytwmouneh.com/product/hail-naem"
"har-kheshen","Spices","Coarse Hot Pepper","حار خشن","HAR KHESHEN","","100 g","true","false","base","ARABIC_BIDI_CONTROLS; FRENCH_NAME_UNVERIFIED; NO_BASE_PRODUCT_DESCRIPTION","Coarse Hot Pepper Spices","حار خشن بهارات","épices","https://zaytwmouneh.com/product/har-kheshen"
"har-neeme","Spices","Fine Hot Pepper","حار نعمة","HAR NEEME","","100 g","true","false","base","ARABIC_BIDI_CONTROLS; FRENCH_NAME_UNVERIFIED; NO_BASE_PRODUCT_DESCRIPTION","Fine Hot Pepper Spices","حار نعمة بهارات","épices","https://zaytwmouneh.com/product/har-neeme"
"helbah-hab","Spices","Fenugreek Seeds","حلبة حب","HELBAH HAB","","100 g","false","false","base","NO_EXACT_PHOTO; ARABIC_BIDI_CONTROLS; FRENCH_NAME_UNVERIFIED; NO_BASE_PRODUCT_DESCRIPTION","Fenugreek Seeds Spices","حلبة حب بهارات","épices","https://zaytwmouneh.com/product/helbah-hab"
"jozet-el-teeb-hab","Spices","Whole Nutmeg","جوزة ال طيب حب","JOZET EL TEEB HAB","","100 g","false","false","base","NO_EXACT_PHOTO; ARABIC_BIDI_CONTROLS; FRENCH_NAME_UNVERIFIED; NO_BASE_PRODUCT_DESCRIPTION","Whole Nutmeg Spices","جوزة ال طيب حب بهارات","épices","https://zaytwmouneh.com/product/jozet-el-teeb-hab"
"jozet-el-teeb-nameeh","Spices","Ground Nutmeg","جوزة ال طيب ناعمة","JOZET EL TEEB NAMEEH","","100 g","true","false","base","ARABIC_BIDI_CONTROLS; FRENCH_NAME_UNVERIFIED; NO_BASE_PRODUCT_DESCRIPTION","Ground Nutmeg Spices","جوزة ال طيب ناعمة بهارات","épices","https://zaytwmouneh.com/product/jozet-el-teeb-nameeh"
"kamoun-hab","Spices","Cumin Seeds","كمون حب","KAMOUN HAB","","100 g","true","false","base","ARABIC_BIDI_CONTROLS; FRENCH_NAME_UNVERIFIED; NO_BASE_PRODUCT_DESCRIPTION","Cumin Seeds Spices","كمون حب بهارات","épices","https://zaytwmouneh.com/product/kamoun-hab"
"kamoun-neeme","Spices","Ground Cumin","كمون نعمة","KAMOUN NEEME","","100 g","true","false","base","ARABIC_BIDI_CONTROLS; FRENCH_NAME_UNVERIFIED; NO_BASE_PRODUCT_DESCRIPTION","Ground Cumin Spices","كمون نعمة بهارات","épices","https://zaytwmouneh.com/product/kamoun-neeme"
"kary-har","Spices","Hot Curry","كاري حار","KARY HAR","","100 g","true","false","base","ARABIC_BIDI_CONTROLS; FRENCH_NAME_UNVERIFIED; NO_BASE_PRODUCT_DESCRIPTION","Hot Curry Spices","كاري حار بهارات","épices","https://zaytwmouneh.com/product/kary-har"
"kary-helo","Spices","Mild Curry","كاري هيلو","KARY HELO","","100 g","true","false","base","ARABIC_BIDI_CONTROLS; FRENCH_NAME_UNVERIFIED; NO_BASE_PRODUCT_DESCRIPTION","Mild Curry Spices","كاري هيلو بهارات","épices","https://zaytwmouneh.com/product/kary-helo"
"korfa","Spices","Cinnamon","قرفة","KORFA","","100 g","true","false","base","ARABIC_BIDI_CONTROLS; FRENCH_NAME_UNVERIFIED; NO_BASE_PRODUCT_DESCRIPTION","Cinnamon Spices","قرفة بهارات","épices","https://zaytwmouneh.com/product/korfa"
"korfa-cigar","Spices","Cinnamon Sticks","قرفة سيجار","KORFA CIGAR","","100 g","true","false","base","DUPLICATE_EN_NAME; ARABIC_BIDI_CONTROLS; FRENCH_NAME_UNVERIFIED; NO_BASE_PRODUCT_DESCRIPTION","Cinnamon Sticks Spices","قرفة سيجار بهارات","épices","https://zaytwmouneh.com/product/korfa-cigar"
"korfa-oud","Spices","Cinnamon Sticks","قرفة عود","KORFA OUD","","100 g","true","false","base","DUPLICATE_EN_NAME; ARABIC_BIDI_CONTROLS; FRENCH_NAME_UNVERIFIED; NO_BASE_PRODUCT_DESCRIPTION","Cinnamon Sticks Spices","قرفة عود بهارات","épices","https://zaytwmouneh.com/product/korfa-oud"
"korfa-silani","Spices","Ceylon Cinnamon","قرفة سيالني","KORFA SILANI","","100 g","true","false","base","ARABIC_BIDI_CONTROLS; FRENCH_NAME_UNVERIFIED; NO_BASE_PRODUCT_DESCRIPTION","Ceylon Cinnamon Spices","قرفة سيالني بهارات","épices","https://zaytwmouneh.com/product/korfa-silani"
"koronfol","Spices","Cloves","قرنفل","KORONFOL","","50 g","true","false","base","ARABIC_BIDI_CONTROLS; FRENCH_NAME_UNVERIFIED; NO_BASE_PRODUCT_DESCRIPTION","Cloves Spices","قرنفل بهارات","épices","https://zaytwmouneh.com/product/koronfol"
"kozbara-yebse-hab","Spices","Coriander Seeds","كزبرة يابسة حب","KOZBARA YEBSE HAB","","50 g","true","false","base","ARABIC_BIDI_CONTROLS; FRENCH_NAME_UNVERIFIED; NO_BASE_PRODUCT_DESCRIPTION","Coriander Seeds Spices","كزبرة يابسة حب بهارات","épices","https://zaytwmouneh.com/product/kozbara-yebse-hab"
"kozbara-yebse-neeme","Spices","Ground Coriander","كزبرة يابسة نعمة","KOZBARA YEBSE NEEME","","100 g","true","false","base","ARABIC_BIDI_CONTROLS; FRENCH_NAME_UNVERIFIED; NO_BASE_PRODUCT_DESCRIPTION","Ground Coriander Spices","كزبرة يابسة نعمة بهارات","épices","https://zaytwmouneh.com/product/kozbara-yebse-neeme"
"krawya","Spices","Caraway","كراوية","KRAWYA","","100 g","true","false","base","ARABIC_BIDI_CONTROLS; FRENCH_NAME_UNVERIFIED; NO_BASE_PRODUCT_DESCRIPTION","Caraway Spices","كراوية بهارات","épices","https://zaytwmouneh.com/product/krawya"
"kurkum","Spices","Turmeric","كركم","KURKUM","","100 g","true","false","base","ARABIC_BIDI_CONTROLS; FRENCH_NAME_UNVERIFIED; NO_BASE_PRODUCT_DESCRIPTION","Turmeric Spices","كركم بهارات","épices","https://zaytwmouneh.com/product/kurkum"
"kurkum-hab","Spices","Whole Turmeric","كركم حب","KURKUM HAB","","100 g","true","false","base","ARABIC_BIDI_CONTROLS; FRENCH_NAME_UNVERIFIED; NO_BASE_PRODUCT_DESCRIPTION","Whole Turmeric Spices","كركم حب بهارات","épices","https://zaytwmouneh.com/product/kurkum-hab"
"louban-el-dakar","Spices","Frankincense","لبان ال ذكر","LOUBAN EL DAKAR","","50 g","true","false","base","ARABIC_BIDI_CONTROLS; FRENCH_NAME_UNVERIFIED; NO_BASE_PRODUCT_DESCRIPTION","Frankincense Spices","لبان ال ذكر بهارات","épices","https://zaytwmouneh.com/product/louban-el-dakar"
"loumi","Spices","Dried Lime","لومي","LOUMI","","50 g","false","false","base","NO_EXACT_PHOTO; ARABIC_BIDI_CONTROLS; FRENCH_NAME_UNVERIFIED; NO_BASE_PRODUCT_DESCRIPTION","Dried Lime Spices","لومي بهارات","épices","https://zaytwmouneh.com/product/loumi"
"loumi-mathoun","Spices","Ground Dried Lime","لومي مطحون","LOUMI MATHOUN","","100 g","true","false","base","ARABIC_BIDI_CONTROLS; FRENCH_NAME_UNVERIFIED; NO_BASE_PRODUCT_DESCRIPTION","Ground Dried Lime Spices","لومي مطحون بهارات","épices","https://zaytwmouneh.com/product/loumi-mathoun"
"mahlab","Spices","Mahleb","محلب","MAHLAB","","50 g","true","false","base","ARABIC_BIDI_CONTROLS; FRENCH_NAME_UNVERIFIED; NO_BASE_PRODUCT_DESCRIPTION","Mahleb Spices","محلب بهارات","épices","https://zaytwmouneh.com/product/mahlab"
"paprika","Spices","Paprika","بابريكا","PAPRIKA","","100 g","true","false","base","ARABIC_BIDI_CONTROLS; FRENCH_NAME_UNVERIFIED; NO_BASE_PRODUCT_DESCRIPTION","Paprika Spices","بابريكا بهارات","épices","https://zaytwmouneh.com/product/paprika"
"paprika-mdakhane","Spices","Paprika Mdakhane","بابريكا مدخنة","PAPRIKA MDAKHANE","","100 g","true","false","base","ARABIC_BIDI_CONTROLS; FRENCH_NAME_UNVERIFIED; NO_BASE_PRODUCT_DESCRIPTION","Paprika Mdakhane Spices","بابريكا مدخنة بهارات","épices","https://zaytwmouneh.com/product/paprika-mdakhane"
"sabaa-bharat","Spices","Seven Spice","سبع بهارات","SABAA BHARAT","","100 g","true","false","base","ARABIC_BIDI_CONTROLS; FRENCH_NAME_UNVERIFIED; NO_BASE_PRODUCT_DESCRIPTION","Seven Spice Spices","سبع بهارات بهارات","épices","https://zaytwmouneh.com/product/sabaa-bharat"
"semaq","Spices","Sumac","سماق","SEMAQ","","1 kg; 250 g; 500 g","true","false","base","ARABIC_BIDI_CONTROLS; FRENCH_NAME_UNVERIFIED; NO_BASE_PRODUCT_DESCRIPTION","Sumac Spices","سماق بهارات","épices","https://zaytwmouneh.com/product/semaq"
"shoumar-hab","Spices","Fennel Seeds","شومر حب","SHOUMAR HAB","","100 g","true","false","base","ARABIC_BIDI_CONTROLS; FRENCH_NAME_UNVERIFIED; NO_BASE_PRODUCT_DESCRIPTION","Fennel Seeds Spices","شومر حب بهارات","épices","https://zaytwmouneh.com/product/shoumar-hab"
"shoumar-neeme","Spices","Ground Fennel","شومر نعمة","SHOUMAR NEEME","","100 g","true","false","base","ARABIC_BIDI_CONTROLS; FRENCH_NAME_UNVERIFIED; NO_BASE_PRODUCT_DESCRIPTION","Ground Fennel Spices","شومر نعمة بهارات","épices","https://zaytwmouneh.com/product/shoumar-neeme"
"vanilla","Spices","Vanilla","فانيال","VANILLA","","25 g","true","false","base","ARABIC_BIDI_CONTROLS; FRENCH_NAME_UNVERIFIED; NO_BASE_PRODUCT_DESCRIPTION","Vanilla Spices","فانيال بهارات","épices","https://zaytwmouneh.com/product/vanilla"
"yansoun-hab","Spices","Anise Seeds","يانسون حب","YANSOUN HAB","","100 g","true","false","base","ARABIC_BIDI_CONTROLS; FRENCH_NAME_UNVERIFIED; NO_BASE_PRODUCT_DESCRIPTION","Anise Seeds Spices","يانسون حب بهارات","épices","https://zaytwmouneh.com/product/yansoun-hab"
"yansoun-najmeh","Spices","Star Anise","يانسون نجمة","YANSOUN NAJMEH","","100 g","true","false","base","ARABIC_BIDI_CONTROLS; FRENCH_NAME_UNVERIFIED; NO_BASE_PRODUCT_DESCRIPTION","Star Anise Spices","يانسون نجمة بهارات","épices","https://zaytwmouneh.com/product/yansoun-najmeh"
"zanjabeel","Spices","Ginger","زنجبيل","ZANJABEEL","","100 g","true","false","base","ARABIC_BIDI_CONTROLS; FRENCH_NAME_UNVERIFIED; NO_BASE_PRODUCT_DESCRIPTION","Ginger Spices","زنجبيل بهارات","épices","https://zaytwmouneh.com/product/zanjabeel"
"bonbon","Sweets + Candy","Bonbon","بونبون","BONBON","","1 kg; 200 g","true","false","base","ARABIC_BIDI_CONTROLS; FRENCH_NAME_UNVERIFIED; NO_BASE_PRODUCT_DESCRIPTION","Bonbon Sweets + Candy","بونبون حلويات","confiseries","https://zaytwmouneh.com/product/bonbon"
"sabo","Sweets + Candy","Sabo","سابو","SABO","","100 g; 500 g","false","false","base","NO_EXACT_PHOTO; ARABIC_BIDI_CONTROLS; FRENCH_NAME_UNVERIFIED; NO_BASE_PRODUCT_DESCRIPTION","Sabo Sweets + Candy","سابو حلويات","confiseries","https://zaytwmouneh.com/product/sabo"
"hamod-el-hosrum-beqaa","Vinegars","Bekaa Verjuice","حامض ال حصرم البقاع","HAMOD EL HOSRUM BEQAA","","500 ml","false","false","base","NO_EXACT_PHOTO; ARABIC_BIDI_CONTROLS; FRENCH_NAME_UNVERIFIED; NO_BASE_PRODUCT_DESCRIPTION","Bekaa Verjuice Vinegars","حامض ال حصرم البقاع خل","vinaigres","https://zaytwmouneh.com/product/hamod-el-hosrum-beqaa"
"hamod-el-hosrum-koura","Vinegars","Koura Verjuice","حامض ال حصرم الكورة","HAMOD EL HOSRUM KOURA","","500 ml","false","false","base","NO_EXACT_PHOTO; ARABIC_BIDI_CONTROLS; FRENCH_NAME_UNVERIFIED; NO_BASE_PRODUCT_DESCRIPTION","Koura Verjuice Vinegars","حامض ال حصرم الكورة خل","vinaigres","https://zaytwmouneh.com/product/hamod-el-hosrum-koura"
"honey-vingar","Vinegars","Honey Vinegar","عسل خل","HONEY VINGAR","","250 ml","true","false","base","ARABIC_BIDI_CONTROLS; FRENCH_NAME_UNVERIFIED; NO_BASE_PRODUCT_DESCRIPTION","Honey Vinegar Vinegars","عسل خل خل","vinaigres","https://zaytwmouneh.com/product/honey-vingar"
"khal-el-enab","Vinegars","Grape Vinegar","خل ال عنب","KHAL EL ENAB","","500 ml","true","false","base","ARABIC_BIDI_CONTROLS; FRENCH_NAME_UNVERIFIED; NO_BASE_PRODUCT_DESCRIPTION","Grape Vinegar Vinegars","خل ال عنب خل","vinaigres","https://zaytwmouneh.com/product/khal-el-enab"
"khal-el-tefeh","Vinegars","Apple Vinegar","خل ال تفاح","KHAL EL TEFEH","","500 ml","true","false","base","ARABIC_BIDI_CONTROLS; FRENCH_NAME_UNVERIFIED; NO_BASE_PRODUCT_DESCRIPTION","Apple Vinegar Vinegars","خل ال تفاح خل","vinaigres","https://zaytwmouneh.com/product/khal-el-tefeh"
